question,answer
['업데이트 도중 제가 꺼버려서 그 뒤로 화면이 안켜져요 이거는 무상수리가 가능한건가요?'],"['업데이트 중 비정상 종료가 되어 나오는 증상 일 수 있습니다.', '충전이 되었다면 어댑터를 분리하고 전원 버튼을 10초 이상 눌러 전원을 완전히 끈 후전원 버튼을 다시 눌러 정상으로 화면이 켜지는지 확인해 보시기 바랍니다.', '강제 종료 시 저장되지 않은 데이터가 손실될 수 있으므로 주의하시기 바랍니다.', 'PC 정상 사용 중에 전원 버튼을 눌러 임의로 전원을 끄면 저장 장치가 손상되거나 시스템에 문제가 발생할 수 있습니다.', '위와 같이 조치한 후에도 동일하다면 엔지니어 점검이 필요해 보입니다.노트북 보증기간은 구입 후 1년 이내로 정상 사용 중 자연 발생한 고장에 대해서는 무상 수리 가능하지만정확한 사항은 점검 후 안내드리고 있는 점 양해 부탁드리며서비스 예약 후 방문해 주시면 엔지니어가 점검 후 자세한 안내 및 조치 도와드리겠습니다.']"
"['티비 모델명이 WEBOS TV LF6310 인데요', '넷플하고 다 되는데 티빙도 깔아지는데왜 틀면 화질이 낮고 영화쪽은 틀어지지 않는데 왜그럴까요?', '같은 티빙 아이디로 삼성티비에서 트니 틀어지는데저 엘지티비는 앱은 깔아지는데..', '아시는 분 계실까요?']",['해당 증상은 WEBOS 2.0 플렛폼에서 일부 영화 컨텐츠 재생이 불가하여컨텐츠사로 검토를 요청하였으나 개선이 어려워 안타깝게도 현재 영화 카테고리가 제외된 것으로 확인됩니다.']
"['예전에는 괜찮았는데 LG GRAM 노트북을 사용한지 3년되었습니다.', '디자인과 학생이라 색상문제가 중요하거든요...', '근데 색상이 이상해요...', '고장난 거 같진 않은데..', '이럴 땐 어떡하죠..?', '해결 방안 글이나혹은 답변좀 알려주세여...', '인디자인 프로그램으로 파랑색을 CMYK로 저장하니까 보라색으로 보이구요', 'CMYK 이미지를 휴대폰으로 보냈을 때에는 파랑으로 보이거든요.', '근데 인쇄업체에서 CMYK로 보냇고 파랑색 맞는데왜 보라로 출력되느지도 몰겟고??CMYK면 기존 작업한 그 색상이어야 하는데 왜 보라인지 모르겟고그리고 이거 외에도노트북 화면 색상이랑휴대폰이랑 다른사람들 컴퓨터로 보기에도 색상이 다릅니다.', '이거 모니터 문제인건가요?', 'LG 수리서비스하는 센터 가야하나요..?', '만약 가야한다면 비용 얼마일까여.. 하 뭐가 문제인지 진짜 중요하거든요', '제발 급해요']","['아래 내용대로 그래픽 드라이버 제거 후 재설치 해보시기 바랍니다.', '1. 시작 버튼에서 마우스 우 클릭장치 관리자 클릭 디스플레이 어댑터 더블 클릭 INTEL 항목 마우스 우 클릭하여 디바이스 제거 팝업창에서 이 장치의 소프트웨어를 삭제합니다', '체크 박스란이 있다면 체크하고 제거입니다.', '2. 재부팅하여 처음 구매할 당시 WINDOWS가 포함된 제품은 LG UPDATE CENTER를 WINDOWS가 포함되지 않은 제품은 LG DNA CENTER PLUS 프로그램을 실행하여 삭제된 그래픽 드라이버를 설치한 후 재부팅하여 확인해 주세요.', '위와 같이 조치해도 동일하면 엔지니어 점검이 필요해 보입니다.', '해당 증상의 원인 파악 및 조치 방법에 대한 안내는 엔지니어가 직접 점검 후 가능하기에서비스 예약 후 방문해 주시면 엔지니어가 점검 후 자세한 안내 및 조치 도와드리겠습니다.', '수리비는 모델에 따른 부품 수리 범위 수리 난이도 등 종합적인 요소를 고려하여 책정되는 부분으로 제품 상태를 확인 후 안내 가능한 점 양해 부탁드립니다.']"
"['엘지 냉장고 야채칸 프레임 탈거 방법 문의드려요', '아래사진 상 빨간 부분을 탈거하려는데 도저히 탈거가 안되네요', '탈거 방법 문의드려요']","['첨부해주신 사진 확인시 표시 부분이 전체로 분리되는 것으로 보여집니다.', '다만 테두리 주변의 이물 및 끈적임이 있으면 쉽게 분리가 되지 않으므로 파손에 주의하여 조심스럽게 들어올려 분리해 주세요.']"
"['LG노트북을 사용하고 있습니다.', '어젯만해도 잘됐습니다.', '근대 오늘부터 노트북 부팅속도가 너무 느리고 D드라이브가 사라졌습니다.', '어떻하면 해결할수 있을까요?']","['문의주신 현상은 시작프로그램의 영향 또는 바이러스에 감염되거나 악성코드가 있는 경우윈도우 손상으로 인하여 속도가 느려지는 현상이 나올 수 있으며 하드웨어 이상으로도속도가 느려질 수 있습니다.', 'PC가 부팅을 하면서 자동으로 시작되는 프로그램들이 있으며 그 프로그램들을 모두 모아 관리하는 곳을 시작프로그램이라고 합니다.', '시작프로그램에 등록 된 프로그램들이 많이 있으면 점점 더 PC 속도가 느려질 수 있습니다.', '사용하지 않거나 빈도가 낮은 프로그램의 실행을 시작프로그램에서 중지하여 속도를 높일 수 있습니다.', 'WINDOWS10에서 시작프로그램 수정 방법을 알고 싶어요']"
"['1월달에 사서 쓰고있는데 날씨가 추우면 온도가22정도밖에 안올라가요', '설정은30인데 몇시간을 켜도 똑같아요', '추울때쓸려고 온풍기를 샀는데 막상 추울땐 온도가 안올라가고 날이 따뜻하면 올라가고 이런 쓰레기 같은 경우가어디있나요', '처믐에 설치하고 AS한번 받았어요', '그땐20도 기사님 날씨가 추워서 그렀다 하셨죠', '추울때 작동잘안돼는 기계를 왜 만드나요', '전기세 싸면 다인가요 추울때 따뜻해야 하는거아닌가요', '어쩌면 좋을까요']","['사용 제품의 타입이 확인되지 않습니다만갑자기 떨어진 기온으로 인해 배관의 온도가 충분히 예열되지 못하면바람이 평소보다 늦게 나오거나 미지근한 바람이 장시간 나오면서 실내 온도가 올라가지 못할 수 있습니다.', '난방 초기에 제품 내부를 따뜻하게 예열하기 위한 준비과정이 필요하며 차가운 냉매로 인해 실외기 결빙을 제거 또는 방지하기 위해 제상 구간이 필요합니다.', '월 1회 필터 청소와 날개를 아래로 조절하여따뜻한 바람이 바닥으로 갈 수 있도록 해주시고일정 시간 제상예열 후 따뜻한 바람이 나온다면 정상이지만오랜시간 희망온도 30도 설정하여도 불편이 지속된다면서비스를 신청하시어 엔지니어의 점검과 상담을 나누어 주시기 바랍니다.']"
"['LG LED TV43LJ5660 인데 컨텐츠 스토어가 없는 기종인가요?', '어디들어가야 컨텐츠 스토어가 있나요급해요']",['LG 콘텐츠 스토어는 스마트 TV에서 지원하는 기능으로해당 모델에서 이용이 어려운 것으로 확인됩니다.']
"['안녕하세요', 'LG 그램 노트북 사용중입니다.', 'USB 탁상용 선풍기를 사용중인데 5개월이상 잘 돌아가다가 갑자기 돌아가는 속도가 느려지면서 멈추는 겁니다.', '처음엔 선풍기가 고장났나 했으나 직장 동료분 노트북에 꽂으니 다시 잘 돌아가서 제 노트북 USB전원 출력 문제임을 알았습니다.', '컴퓨터 설정은 건드린게 아무것도 없는데도 갑자기 잘 돌아가던 선풍기가 멈추니 답답할 노릇입니다.', '항상 충전어댑터에 연결한 상태라 절전모드도 끈 상황이고 다른 USB 포트에도 꽂아보고 다른 USB 연결기기들도 모두 빼고 선풍기 하나만 꽂아보았는데도 여전히 출력이 약한지 골골댑니다.', '다시 USB 전원 출력을 올리려면 어떻게 해야 하나요']","['아래 내용대로 진행해 보시기 바랍니다.', '제어판 오른쪽 위 보기 기준 클릭하여 작은 아이콘 선택 전원 옵션 설정 변경 고급 전원 관리 옵션 설정 변경 USB 설정 USB 선택적 절전 모드 설정 배터리전원 항목 사용 안 함으로 하고 사용해 보시기 바랍니다.', '위와 같이 조치한 후에도 동일하다면 제품 확인 후 조치가 필요한 부분으로서비스 예약 후 방문해 주시면 엔지니어가 점검 후 자세한 안내 및 조치 도와드리겠습니다.']"
"['컴퓨터 전원을 켜면 로고가 뜨고 블루스크린 복구페이지가 뜨는데요', '다른키를 눌러도 계속 이럽니다.', '초기화하고 싶은데 방법이 없나요']","['부팅 시 블루스크린이 뜨는 것은 바이러스 감염 악성 코드 감염 드라이버 오류윈도우 손상 하드웨어 문제 등 여러가지 원인으로 발생할 수 있습니다.', '윈도우가 포함된 제품을 구입사용중이시라면 LG 리커버리 센터에서 공장초기화가 가능합니다.', '리커버리센터는 노트북의 전원을 켜고 F11 키를 연속하여 눌러주시면 진입 가능합니다.', '그러나 F11 키를 눌러도 리커버리센터에 진입되지 않는다면 미포함 제품을 사용중이시거나리커버리 프로그램 또는 하드웨어 손상으로 엔지니어를 통한 조치가 필요합니다.', '서비스 예약 후 방문해 주시면 엔지니어가 점검 후 자세한 안내 및 조치 도와드리겠습니다.']"
"['LG 그램인데 노트북 아랫부분이 살짝 깨지고 갈라졌어요.', '딱히 사용하는데 문제가 있지는 않지만 서비스센터에 가면 수리 비용이 어느 정도로 나올지 그리고 며칠 정도 걸릴지가 궁금합니다.']","['수리비는 모델에 따른 부품 수리 범위 수리 난이도 등 종합적인 요', '소를 고려하여 책정되는 부분으로 엔지니어가 직접 제품 상태를 확인 후 안내 가능한 점 양해 부탁드립니다.', '서비스 기간은 센터에 부품이 있다면 대부분 당일 가능하나 부품이 없다면 주문 후 수리까지 일정 기간 소요되며 부품 유무 및 수리 기간은 제품 점검 후 안내 가능한 부분으로서비스 예약 후 방문해 주시면 엔지니어가 점검 후 자세한 안내 및 조치 도와드리겠습니다.']"
"['엘지 울트라와이드 쓰고 있습니다.', '그런데 화면 가운데 점이있어서 신경이 많이 쓰이네요.', '수리비가 어느 정도 일까요?', 'LED입니다.']","['첨부해 주신 사진과 같이 화면의 고정된 위치에 밝은 점이 보인다면제품 점검이 필요해 보입니다.', '다만 문의하신 수리비용은 보증기간 경과 여부 및 모델에 따른 부품 수리 범위수리 난이도 등 종합적인 요소를 고려하여 책정되는 부분으로 엔지니어가 제품 상태를 직접 확인 후 안내 가능한 점 양해부탁드립니다.', '서비스 예약 해 주시면 엔지니어가 점검 후 자세한 안내 도와드리겠습니다.']"
"['희망 습도를 45 스마트 제습으로 해놓으면 45되면 꺼지는거 아닌가요?', '계속 돌아가면 고장난건가요?']","['인버터 제습기의 경우현재 습도가 희망 습도에 도달했을시 압축기는 동작을 멈추지만 송풍 운전을 하며 설정하신 습도를 맞추기 위한 유지 단계가 이어집니다.', '이후에 현재 습도가 올라가면 다시 제습 운전을 합니다.']"
"['몇달 전?부터 얘가 사진처럼만 나오고 다른 거 만져지지가 않아요', '전원 껐다 킬 수 있는정도?', '세탑만 클릭이 되는데 됐을 때는 밑 사진 처럼 떠요 두번째 사진 우측하단에 있는 것 처럼 부트 옵션 끄라는 건 껐어요']",[]
"['진짜 갑자기 이러는데 정말 갑자기 이래요', '담배피고왔는데 갑자기 이래여', '너무 당황스러운데 모니터 툭툭치니까 지금은 다시 돌아왔는데AS받아야겠죠..?', '무상 AS되겠죠..?']","['첨부해 주신 사진과 같은 현상이 발생한다면 먼저 그래픽 드라이버 삭제 후 재설치확인이 필요하며 방법은 다음과 같습니다.', '1. 노트북 작업표시줄의 시작 버튼에서 마우스 우 클릭 장치 관리자 디스플레이 어댑터 더블 클릭 INTELR GRAPHICS 마우스 우 클릭 디바이스 제거 팝업창에서 이 장치의 소프트웨어를 삭제합니다', '체크 박스란이 있다면 체크하고 디바이스 제거2. 재부팅 후 처음 구매할 때 WINDOWS가 포함된 제품은 LG UPDATE CENTER를 WINDOWS가 포함되지 않은 제품은 LG DNA CENTER PLUS 프로그램을 실행하여 그래픽 드라이버 설치합니다.', '3. 드라이버 설치가 완료되면 재부팅하여 확인해 주세요.', '안내드린 방법으로 조치 후에도 동일 현상이 발생된다면 제품 점검이 필요해 보입니다.', '서비스 예약 후 방문해 주시면 엔지니어가 점검 후 안내 및 조치 도와드리겠습니다.']"
"['LG 노트북 업데이트 원래 이렇게 오래걸리나요?', '20퍼에서 올라가질않네요']","['업데이트 중일 경우 오랜 시간이 소요될 수 있기에 충전 어댑터를 연결하여 업데이트가 완료될 때까지 기다려 주시기 바랍니다.', '참고로 업데이트가 완료되지 않은 상태에서 재부팅을 시도한다면 동일한 업데이트 화면이 표시되며 강제 종료 시 저장되지 않은 데이터가 손실 또는 저장 장치 손상시스템에 문제가 발생할 수 있기에 주의가 필요합니다.', '만일 해당 화면만 지속적으로 표시되며 완료가 되지 않는다면 정확한 제품 상태 확인이필요한 부분으로 서비스 예약 후 방문해 주시면 엔지니어가 점검 후 안내 도와드리겠습니다.']"
"['LG 그램 사용 중인데 카메라 켜는 법 좀 알려주세요 줌', '카메라가 안 켜져요']","['ZOOM 앱에서 카메라를 LG CAMERA로 설정 해 보시기 바랍니다.', '메인 화면 우측 상단 설정 버튼을 클릭해주세요', '비디오 탭에서 카메라 메뉴 항목을 LG CAMERA로 설정해주세요.']"
"['새제품인데 불꺼고 영화 보니깐 이렇게 액정이 보이네요', '불량인가요']","['노트북의 1610 화면 비율 해상도2560X1600 1920X1200와 높은 DPI 150를 일부 프로그램이지원하지 못하여 가로 세로줄여백줄이 발생하는 것으로 이를 해결하기 위해 DPI 100 또는 125 로설정 해 보시기 바랍니다.', '바탕화면 오른쪽 클릭 디스플레이 설정 배율 및 레이아웃 텍스트 앱 및 기타 항목의 크기 변경 100 또는 125 로그아웃동영상 프로그램곰플레이어 사용 중 발생 시에는 아래와 같이 설정해 보시기 바랍니다.', '1. 곰플레이어 바로가기 우클릭 속성 호환성 탭 호환성 문제 해결사 실행 2. 프로그램 문제 해결 프로그램이 열리지만 제대로 표시되지 않음', '체크 후 다음 클릭 큰 글꼴 설정을 선택하면 프로그램이 제대로 표시되지 않음', '체크 후다음 클릭 프로그램 테스트 클릭 후 다음 클릭 예 이 프로그램에 대한 현재 설정을 저장합니다.', '클릭 닫기']"
"['갑자기 세탁기 전원이 안켜지더니 계속 이런 소리가 나네요', '뭐가 문제인 걸까요??', '수리 불러야 할까요??', '너무 불편하네요', '제발 도와주세요']","['세탁기 전원이 들어오지 않는다면 먼저 세탁기 전원 플러그가 연결된 콘센트에서전원 코드를 분리 후 23분 뒤 재 연결 사용 및 해당 콘세트에 연결된 다른 제품들은정상적으로 동작이 되는지 확인이 필요합니다.', '빌트인으로 설치되어 전원 콘센트 확인이 어렵거나 해당 콘센트에 연결된 다른 제품들은정상 동작이 된다면 제품 점검이 필요합니다.', '전원이 켜지지 않으며 소리가 나는 원인에 대해서는 제품을 직접 점검 후 자세한 안내가능한 부분으로 서비스 예약 해 주시면 엔지니어가 방문드려 점검 후 조치 도와드리겠습니다.']"
"['용량이 차서 그런지 렉도 많이 걸리고 너무 느려서 재부팅을 해야하는데 문제는 한컴엑셀파워포인트가 재부팅 하면 초기', '화 되서 사라진다는거죠', '몇가지 기능들은 그대로 둔채 초기화 하는 방법 있을까요?', '엘지그램노트북 사용 중입니다']","['문의하신 내용이 초기화를 말씀하신다면윈도우가 설치되어 출시되는 제품은 LG 리커버리 기능이 내장되어 있어 전원이 꺼진 상태에서 전원 버튼을 누르자마자 바로 F11 키를 두드리면윈도우포맷 초기화 설치를 진행할 수 있습니다.', 'NONOS윈도우 미 포함 제품은 사용자가 직접 정품 윈도우를 이용하여 윈도우를 설치해야 합니다.', '초기화를 하면 사진음악문서공인인증서 프로그램들이 모두 삭제되기에 중요한 자료는 외장형 저장 장치를 이용해 데이터를 미리 백업해 주세요.', 'MS 오피스 한글 등 상용 SW는 사용자가 별도로 라이선스 구입 후 설치하는 프로그램으로정품이라면 해당 프로그램사로 재설치가 가능한지 확인 후 초기화 진행을 하시기 바랍니다.', '초기화 관련하여 아래 영상에 자세히 안내되어 있으니 참고 부탁드립니다.', 'WINDOWS 10을 초기화하고 싶어요']"
"['LG 티비 산지 1년도 안된 제품인데화면이 켰는데 이상해서요분홍색?으로 전체 화면색이 이상한데이게 왜이런건가요?', '전에도 이런적이 있엇어서 올려봅니다!']","['해당 증상의 경우 TV의 영상 설정 또는 송출하는 방송 신호로 해당 증상이 나타날 수 있습니다.', '전체적으로 화면 색상이 첨부해주신 사진처럼 보인다면 TV 설정이 변경되거나 제품의 이상으로 발생할 수 있지만 채널마다 다르게 생길 경우 방송국에서 제작하는 방송 프로그램에 따라 발생할 수 있으므로 해당 통신사를 통해 점검해 주세요.', '또한 TV 리모컨의 조용히 버튼을 3번 누르면 영상음향 초기화 설정이 가능합니다.', '영상음향 초기화 후에도 동일한 문제가 발생된다면 서비스를 신청하시어 엔지니어의 점검과 상담을 나누어 주시기 바랍니다.']"
"['건조기 돌리고 분명 남은 시간 18분확인했는데 나중에 보니 1시간 2분으로 시간이 뜨더라구요?', '이건 왜이런건가요 ?', '그리고 저번엔 17분 확인했는데건조 끝난줄 알고 갔더니17분 시간은 그대로고 1시간넘게 돌고있었어요', '사용방법 보니 주름펴기설정?', '그게 되어있으면 그렇다는데 설정한적도 없는데 자동으로 설정이 되나요?']","['동일한 건조코스와 건조물의 양으로 건조기를 작동시켰을 경우에도 건조물의 탈수 후 수분 함유 정도와 건조물의 종류 건조물의 부피 등에 따라 시간이 달라 질 수 있으며..먼지필터나 습도센서에 이물이 있을 경우 건조가 끝나기 전에 일시 정지 버튼을 누를 경우그리고 건조기 문을 열을 경우에도 시간이 추가로 더 늘어 날 수 있습니다.', '또한 표시되는 건조시간은 건조 진행 중 건조물의 상태를 판단하여 시간을 조정하기에 시간이 추가되는 것처럼 보일 수 있습니다.', '이 밖에도 외부 기온이 낮은 겨울철에는 건조기 주변과 세탁물 온도가 낮아 예열하는데 시간이 오래 걸리기에 처음 표시된 건조 시간보다 더 늘어나게 됩니다.', '이는 추운 겨울에 보일러를 틀어도 금방 따뜻해지지 않는 것과 같은 히트 펌프 건조기의 특성입니다.', '건조시간이 늘어날 떄 자가 조치 방법겨울철 건조 시간이 늘어 나면 아래와 같이 사용해 주세요', '1. 먼지필터는 매 건조 후 바로 청소', '해 주세요.', '먼지 필터는 내부필터와 외부필터 2개가 있습니다.', '2개 필터 모두를 청소해주시기 바랍니다.', '2. 건조기 내부 앞쪽 아래에 있는 습도 센서에 섬유유연제 같은 이물들이 달라 붙어 있을 수 있으니 젖은 수건으로 이물을 자주 닦아내 주세요.', '건조시간이 늘어나는 경우에는 다음과 같은 사항을 확인해 주세요.', '1. 세탁시 세탁물의 탈수 정도를 강력 탈수로 진행2. 건조시 두께가 비슷한 세탁물끼리 모아 건조기 용량의 절반까지만 넣어서 넣어서 건조3. 세탁물의 두께와 소재에 맞춰 건조코스를 선택두꺼운 세탁물이 많을 경우에는 옵션으로 건조정도를 표준모드에서 강력으로 선택한 다음 절약건조 메뉴에서 스피드 건조 모드로 변경해서 건조해주세요.', '스피드 옵션은 건조 진행 온도를 조금 더 높여 훨씬 더 빠르게 건조가 완료됩니다.', '또한 강력모드의 경우 구김 방지 기능이 자동 설정되어 건조가 끝나도 구김방지를 위해 계속 동작됩니다.', '따라서 건조가 완료되면 전원을 눌러 구김방지를 멈추고 세탁물을 꺼내어 주시기 바랍니다.', '이 밖에도 동작 중 일시정지나 도어 문을 열지 않도록 주의해주세요.', '전기 건조기 건조시간이 늘어나는 것이 궁금하세요']"
"['안녕하세요?', '작년에 벽걸이 TV를 구매해서 너무 잘 사용하고 있어요.', '모델명 LG SIGNATURE OLED 65W9WNA하지만 내년초 주재원으로 미국으로 이사를 가게 됐어요.', '전원을 보아하니 미국에서 사용할 수 없는 것 같은데요.', '미국에서 사용할 수 있는 방법이 있을까요?', '변압기 사용시 TV에 문제가 발생할 수 있다는 얘기도 있더라고요.', '또 하나 미국으로 이사가면 벽걸이 사용이 제한될 것 같아요.', '스탠드 형으로 설치할 수 있을까요?']","['해당 모델은 국내전용 제품으로 해외에서는 품질 및 기능 동작을 보장하지 않으며벽걸이 전용 제품으로', '스탠드 설치가 어려운 것으로 확인됩니다.', '또한 사용시 일부 기능 및 연동 콘텐츠 앱 사용에 제한이 있을 수 있으며전압110V 전용 또는 전원 콘센트 모양이 국내220V와 다른 경우 반드시 국가 규격에 맞는 콘센트로 변경해야 합니다.', '다만 LG전자가 제공하지 않는 전원 관련 액세서리 EX.', '110V220V 변환 잭 사용 및 변압기 사용에 따른 문제 발생제품 불량 화재 등시 LG전자가 책임지지 않습니다.', '참고로 국내에서 사용하는 제품 방송 방식이 NTSC ATSC ATSC3.0 방식 60H주파수 입니다.']"
"['장치이름LG WEBOS TV UF8570 모델60UF8570NC스마트티빈데 쿠팡플레이가 없어요', '쿠팡플레이 지원이 안되는 티비인가요?']",['쿠팡플레이 앱은 자사 스마트 TV의 WEBOS 3.5 이상에서 지원되며안타깝게도 60UF8570 모델은 WEBOS 2.0 으로 지원되지 않는 것으로 확인됩니다.']
['엘지건조기 소음이 너무 심합니다봐주세요'],"['첨부해 주신 영상 확인 시 건조기 통드럼을 지탱하고 있는 고무 롤러에서 발생되는 소리로 보입니다.', '날씨가 추워지면 롤러의 고무 재질로 인해드럼에 눌려 있어서 탄성이 회복될 때까지 소리가 조금 더 오래 날 수 있으나 해당 소리가 10분 이상 지속된다면 정확한 제품 상태 확인이 필요합니다.', '해당 소리로 인해 사용에 지속 불편이 발생되는 경우 서비스 예약 해 주시면 엔지니어가 방문 드려 점검 후 자세한 안내 및 조치 도와드리겠습니다.']"
"['노트북에 문제가 생긴것같은데 고치는법좀 알려주세요..', '예전엔 안그랬는데 좀 전 부터 노트북에 깔려있는 프로그램을 마우스 포인터대고 우클릭하면 노트북이 버퍼링 걸린건지 마우스옆에 파란 동그라미만 계속 있고 나머지 프로그램이 실행이 안되요.', '근데 작업 표시줄에 있는 프로그램들은 실행이 되는데 말이죠..', '그래서 프로그램을 삭제하고 하고싶은데 계속 우클릭해서 삭제 누르려고하면 버퍼링 인지 걸려서 아무것도 못하는중입니다.', '해결법좀 알려 주세요.', '참고로 엘지 그램 17 2019 입니다']","['시작 프로그램에 불필요한 프로그램들이 등록되어 있거나악성 프로그램이 설치되었거나 바이러스에 감염되었을 때 하드웨어 문제 등 다양한 원인이 있습니다.시작 프로그램 정리 바이러스 악성코드 검사 등 최적화 작업이 필요해 보입니다.', '아래 방법대로 시작 프로그램 사용 안 함으로 변경하여 사용해 주세요.', '1. 바탕화면 왼쪽 아래에 있는 시작 버튼을 마우스 오른쪽 버튼을 클릭 후 작업관리자를 선택해 주세요.', '2. 작업 관리자 시작프로그램 항목을 선택해 주세요.', '간편 모드로 나오는 경우는 자세히 버튼을 클릭해 주세요.', '3. 시작프로그램에서 사용 빈도 낮거나 불필요한 프로그램은마우스 우 클릭하여 사용 사용 안 함으로 바꾸어주세요.', '사용 안 함으로 변경은 프로그램을 제거하는 것이 아니며PC가 부팅 시 자동으로 실행이 되는 것을 중지시켜 줍니다.', '4. 사용 안 함', '변경 후 시작 버튼 전원 다시 시작하면 변경 내용이 적용됩니다.']"
"['LG WEBOS TV UN8570AUD 기종인데 원래 에어플레이 됐었는데 갑자기 사라져서 안 되네요', '갑자기 왜 그러죠?', '차단한 적도 없고 와이파이도 똑같은데 별걸 다 해봐도 안 돼', '용 어떻게 해야돼요 ??']",['해당 증상의 경우 지역 설정이 맞게 되어 있는지 확인이 필요합니다.']
"['1. LG GRAM 노트북에 윈도우10 PRO를 설치한후정품인증 완료 2. 시작전원을 클릭하면 보통 절전시스템종료다시시작 등의 메뉴가 표시되는데 위의 메뉴가 표시되지 않고 화면이 꺼져버림3. 화면은 보이지 않지만 마우스를 클릭하면 다시 화면이 보임4. 시작전원시스템종료를 클릭하여 컴퓨터노트북을 종료하려고 하는데 종료를 하지 못하고 있음5. 윈도우를 잘못 설치한것은 아닌것 같음두번설치를 했는데 두번다 동일한 증상이 발생됨6. 왜 그런지 도움을 구합니다.', '참고로 설정창에 특정 메뉴를 클릭해도 동일한 상황 발생됨']","['윈도우 정품으로 두 번이나 정상 설치하였는데도 해당 증상이 발생된다면 먼저 마이크로소프트로 문의하시어 윈도우 관련으로 상담 받아보시기 바랍니다.', '이후 동일하면 노트북 문제인지 확인을 위해 엔지니어 점검이 필요해 보입니다.', '정확한 원인 및 조치 방법은 제품 점검 후 안내 가능한 점 양해 부탁드리며서비스 예약 후 방문해 주시면 엔지니어가 점검 후 자세한 안내 및 조치 도와드리겠습니다.']"
['직구TV는 넷플릭스랑 다즈니플러스 정도만 OTT 이용 할 수있는데 애플TV사용 하면 왓챠나 웨이브 사용할수 있나요?'],['해외향 제품의 경우 국내 앱 이용이 어려울 수 있으며사용 제품의 모델이 확인되지 않아 내용 확인에 어려움이 있습니다.']
"['LG WEBOS TV UN8570AUD 기종인데 원래 에어플레이 됐었는데 갑자기 사라져서 안 되네요', '갑자기 왜 그러죠?', '차단한 적도 없고 와이파이도 똑같은데 별걸 다 해봐도 안 돼', '용 어떻게 해야돼요 ??']",['해당 증상의 경우 지역 설정이 맞게 되어 있는지 확인이 필요합니다.']
"['듀얼 모니터로 쓰려고 하는데 모니터가 연결되지 않습니다.', '계속 다른 디스플레이가 검색되지 않았습니다 라고 뜹니다.', '드라이브 업데이트나... 이것저것 해보는데 다 안되네요.', '안되는 모니터가 있는건가요?', 'LG전자 LG 24MP55HQ 제품 씁니다.', 'TV는 또 듀얼 모니터로 인식이 되더라구요.']","['24MP55HQ 모델의 권장 해상도는 1920 X 1080 60 HZ으로먼저 노트북의 해상도가 모니터에서 수신 가능한 권장 해상도로 설정되어 있는지 확인 해 보시기 바랍니다.', '또한 모니터 메뉴 버튼을 눌러 설정으로', '진입 초기화초기설정를 진행해 보시기 바랍니다.']"
"['한 3년?정도 된 노트북인데 오랜만에 꺼내서 충전해서 쓸려니까 충전기 꽂자마자 100되고 그렇다고 빼면 전원이 꺼지고...그래서 30분동안 충전을 시킨다음 빼도 전원이 바로 꺼지는데... 어떻게 해야하나요?', '고객센터가 휴무일이라서요...', '노트북 정보모델명LG14U36CPU인텔R CELERONR CPU N3160 1.60 GHZ메모리DDR3 4기가다스크삼성 BJNB4R']","['전원 어댑터 연결 없이 배터리로만 사용이 되지 않는다면 배터리 충전이 안되는 경우에 해당됩니다.', '이 경우 배터리 관련 점검이 필요한 부분으로 서비스 예약 후 방문해 주시면엔지니어가 점검 후 자세한 안내 및 조치 도와드리겠습니다.']"
"['정수기 정수버튼이 함몰되었는지 잘 안눌러지는데 자가수리 가능할까요?', '아니면 AS를 불러야 하나요?']","['버튼에 물 또는 이물이 묻은 경우 버튼 인식이 잘 되지 않을 수 있습니다.', '정수버튼 근처에 설탕이나 커피 가루 등 끈끈한 물질이 있으면 인식이 되지 않을 수 있으므로 젖은 수건으로 버튼 옆쪽을 눌러주면서 닦은 후 마른 수건으로 버튼부를 닦아 주세요.', '전원을 ONOFF 한 뒤 버튼부를 확인해주시고 함몰되어 버튼이 안눌리거나 동일한 증상이 지속된다면서비스를 신청하시어 제품 점검과 상담을 나누어 주시기 바랍니다.']"
"['본체와 모니터 각각 얻어서 HDMI 케이블선만 사서 연결햇는데 자꾸 저렇게 모니터에 뜨네요.', '본체와 모니터는 그 전에 잘 작동했다하는데 무슨 문제일까요??', '혹시 HDMI 케이블선이 아니라 다른선으로 연결을 해야할까요??', '모니터는 엘지 W2361V입니다...']","['W2361V 모니터의 HDMI 단자는 PC 연결 기능을 지원하지 않고AV 장치 셋톱 박스 DVD 비디오 비디오 게임 콘솔와 연결이 가능한 것으로 확인됩니다.', 'PC와 연결하여 사용하시려면신호 케이블 DVID나 DSUB로 연결하여 사용하시기 바랍니다.']"
['LG 그램 노트북 업데이트 했는데 안 켜져요'],"['첨부해 주신 사진이 업데이트 중일 경우 오랜 시간이 소요될 수 있기에충전 어댑터를 연결하여 업데이트가 완료될 때까지 기다려 주시기 바랍니다.', '업데이트가 완료되지 않은 상태에서 재부팅을 시도한다면 동일한 업데이트 화면이 표시되며 강제 종료 시 저장되지 않은 데이터가 손실 또는 저장 장치 손상시스템에 문제가 발생할 수 있기에 주의가 필요합니다.', '만일 해당 화면만 지속적으로 표시되며 완료가 되지 않는다면 정확한 제품 상태 확인이필요한 부분으로 서비스 예약 후 방문해 주시면 엔지니어가 점검 후 안내 도와드리겠습니다.']"
"['LG 그램 노트북15Z970GA50K 를 사용하느데어느샌가 이상하더라구요보니노트북 전원 누르고 LG로고 나타날떄 이상한 줄이 생깁니다', '켜고나서는 밝아서 그런지 잘 안보이는데 킬때만 이렇게 생겨요', '액정가는데 20이라는데 팔려고 하는 생각때매 고민되네요', '무상으로고칠수 있는 방법이 있을까요?', '구매한지 34년정도된것같아요', '이걸 어떻게 해야할까요??']","['첨부해 주신 사진과 같이 화면의 같은 부위에 고정되어 점 및 줄이 발생된다면LCD 패널 점검이 필요해 보입니다.', '문의 내용 내 예상 비용이 기재된 것으로 보아 점검 상담을 받으신 것으로 보입니다.', '안내 받으셨겠지만 자사에서는 제품별 품질보증기간을 명시하고 그에 따른 사후 서비스를 진행하고 있습니다.', '노트북의 제품 보증기간은 구입일로부터 1년으로 적용되고 있으며 보증기간 경과시에는 유상으로 서비스가 진행되는 점 양해 부탁드립니다.']"
"['TV모니터 소리가 모니터안에서 물에 잠긴것처럼 소리가 울립니다...', '갑자기 이런경우는 처음이라..', '소리가 안에서 울립니다..', '소리설정 리셋재부팅잭확인 다해봤는데..모델은 OLED 48CX입니다..']",['해당 증상의 경우 제품의 정보와 연결 등 사용 환경 확인이 필요합니다.']
"['지금 새컴퓨터 RTX 3060 그래픽카드 모니터는 LG LED TV 인데 HDMI 연결하면 신호없음 뜨네요', '근데 그전 컴퓨터 1060 그래픽카드는 모니터 잘연결되는데 이거 호환 안되는건가요?']","['신호 없음이 나온다면 먼저 연결된 케이블이나 단자 인식이 안되는지 등 확인이 필요합니다.', '모니터와 본체를 연결한 케이블을 양쪽 다 분리 후 재연결하고모니터 조이스틱 버튼을 눌러 외부 입력 신호를 맞춰 확인 후 동일하면설정 일반 설정 초기화로 모니터 모든 설정을 초기화하여 확인해 보시기 바랍니다.']"
"['안녕하세요', '지식인에서 엘소드 하려고 노트북 알아봐서 해당 노트북을 구매했는데요', '그래픽 드라이버 업뎃에 최저 옵션을 해도 튕깁니다 어쩌죠?', '사진은 제꺼 사양입니다']","['해당 게임의 권장 사양의 그래픽 카드는 NVIDIA GEFORCE GTX 1050 이상이기에먼저 해당 게임 옵션의 해상도를 낮춰 동일 현상이 발생하는지 확인이 필요해 보입니다.', '만일 옵션 변경 시에도 동일하다면 게임 제조사 상담실을 통해 설정 변경이 필요한 부분이있는지 등 확인이 필요한 부분으로 해당 게임 제조사로 문의 상담 나눠보시기 바랍니다.']"
['LG GRAM임뭔 기종인지는 모르고 새로산건데 슈발 이거 왜 안더냐거'],"['제품 사용에 불편을 드려 죄송합니다.', '노트북 재부팅 후에도 첨부해 주신 영상과 같이 암호 입력이 원활하지 않다면자세한 제품 상태 확인이 필요해 보입니다.', '발생 원인 및 조치 방법에 대한 안내는 제품 점검 후 가능한 부분으로번거로우시겠지만 서비스 예약 해 주시면 엔지니어가 안내 도와드리겠습니다.']"
"['티비를틀면 이런현상이일어나고 껏다켰다 반복하고 어느정도 시간이되면 또 잘나옵니다', '티비 수명이 다된건가요?', '수리해도 소용 없을까요??']",['해당 증상의 경우 영상 테스트자가 진단 기능으로 제품의 이상 유무를 확인할 수 있습니다.']
"['학교티비소리 키는 법좀 알려주세요', '남자새끼들이 뭔가를 눌렀는데 티비소리가 안나와요', 'LG티빈데 키는 법좀 알려주세요', '티비 소리 100퍼센트 했고 다 설정했는데도 안나옵니다', '무슨 문제가 있는걸까요']","['셋톱박스 이용 시 TV 음량과 셋톱박스 중 한쪽의 음량이 작게 설정이 되어 있거나 TV의 출력 스피커 선택이 잘못 선택이 되어 있는 경우 나타날 수 있습니다.', 'TV와 셋톱박스는 별도의 음량 조절 기능을 가지고 있습니다.', '두 기기 모두 음량 조정을 해야 합니다.', '각 제품별 리모컨이 따로 있으니 참고해서 음량 조정을 해보세요.', '셋톱박스에서 음량 조정이 안 되는경우 제품 전원을 뺏다가 약 30초 후 다시 꽂으면 해결되는 경우도 있습니다.', '또한 외부 출력장치사운드바 등가 연결 되어 있다면 해당 기기의 음량을 크게 조정해 보세요.', '만약 정상적으로', '소리가 나오지 않는다면 외부 기기의 점검이 필요할 수 있습니다.']"
"['한글 2018년거 쓰는데 저장하고 다시 들어가면 2010년도 버전으로 나와요', '그리고 예전에 저장해놨던거 다시 들어가니까 2005년도 버전으로 나오는데 이거 왜 그런건지 알 수 있을까요', '진짜 너무 화가 납니다.']",['한글 등 상용 SW는 자사가 따로 제공하지 않고 사용자가 별도로 라이선스 구입 후 설치하는 프로그램으로한글 프로그램 업데이트 오류라면 프로그램 업체인 한글과 컴퓨터를 통해 안내 받으시기 바랍니다.']
"['잘 사용하고 있었는데 갑저기 잠금설정?이 된다면서 화면이 꺼졌어요', '다시 전원버튼을 눌러도 안켜지는데 왜 그럴까요..?', '충전도 되어있는 상태입니다']","['화면이 꺼진 뒤 전원이 켜지지 않는다면 배터리 부족으로 발생할 수 있기에먼저 충전 어댑터를 노트북에서 분리 뒤 재 연결하여 배터리를 충전 해 보시기 바랍니다.', '일정 시간 충전 후 충전 어댑터 및 USB 등 연결된 장치를 모두 분리 후 전원 버튼을 10초 이상 눌러 재부팅 시켜 보시기 바랍니다.', '전원 버튼을 10초 이상 길게 눌러 재부팅을 시켜도 전원이 켜지지 않는다면충전 어댑터 및 노트북 점검이 필요한 부분으로.. 서비스 예약 후 방문해 주시면엔지니어가 점검 후 자세한 안내 및 조치 도와드리겠습니다.']"
"['LG 울트라PC 사용중입니다.', '현재 영상 파일을 볼 때 주로 불규칙적 예상 불가 화면이 멈춤과 동시에 그 당시 재생되던 음이 반복되어 재생되는 상황입니다.', '혹시 이 상황이 어떤 상황인지 해결 방안을 아시는 분 있으신가요?내공냠냠 신고합니다']","['그래픽 카드 드라이버 업데이트 진행해 보시기 바랍니다.1. 시작 버튼에서 마우스 우 클릭장치 관리자 클릭디스플레이 어댑터 더블 클릭 INTEL 항목 마우스 우 클릭하여 디바이스 제거 팝업창에서 이 장치의 드라이버 소프트웨어를 삭제합니다', '체크 박스란이 있다면 체크하고 제거입니다.', '2. 재부팅하여 처음 구매할 당시 WINDOWS가 포함된 제품은 LG UPDATE CENTER를 WINDOWS가 포함되지 않은 제품은 LG DNA CENTER PLUS 프로그램을 실행하여 삭제된 그래픽 드라이버를 설치한 후 재부팅하여 확인해 주세요.', '이후 동일하면 시작 프로그램 정리 바이러스 악성코드 검사 불필요한 프로그램 정리 등 최적화 작업이 필요해 보입니다.', '먼저 아래 방법대로 시작 프로그램 사용 안 함으로 변경하여 사용해 주세요.', '1. 바탕화면 왼쪽 아래에 있는 시작 버튼을 마우스 오른쪽 버튼을 클릭 후 작업관리자를 선택해 주세요.', '2. 작업 관리자 시작프로그램 항목을 선택해 주세요.', '간편 모드로 나오는 경우는 자세히 버튼을 클릭해 주세요.', '3. 시작프로그램에서 사용 빈도 낮거나 불필요한 프로그램은마우스 우 클릭하여 사용 사용 안 함으로 바꾸어주세요.', '사용 안 함으로 변경은 프로그램을 제거하는 것이 아니며PC가 부팅 시 자동으로 실행이 되는 것을 중지시켜 줍니다.', '4. 사용 안 함', '변경 후 시작 버튼 전원 다시 시작하면 변경 내용이 적용됩니다.']"
"['요', '재품은 스텐드 형으로 샀는대', '그럼 베사홀이없는 제품이죠?']",['해당 모델은 벽걸이 타입으로도 설치가 가능하며베사 규격은 200X200 이며 WB21LMA 브라켓으로 설치 가능합니다.']
"['흰색화면에서 유독저러한데 매장의티비는 저렇지않습니다.', '82인치 직하형LED고 구매한지1주일되었습니다.', 'IPS패널입니다.', '이건뭐 흰색인지 얼룩말인지. 기사님은일단수리해보겠다는데 백라이트가어쩌고저쩌고하시네요?', '아무리그래도그렇지', '백라이', '트커버범위가있는데 이게무슨말인지 이해가안되네요..', '중소기업티비도이렇진았는것같습니다만']","['제품 이용에 불편을 드린 점 사과드리며 각각의 소자가 갖는 고유한 특성 차이로 인해 미세한 편차가 발생하여수직 형태로 미세한 얼룩이 보일 수 있습니다.', '일반적인 영상 시청시에는 인지되지 않으며제품의 성능이나 수명에 영향을 주지 않습니다만절전모드를 OFF로 설정하면 해당 현상이 줄어들 수 있습니다.', '설정 영상 ENERGY SAVING OFF 설정다만 설정 이후 영상 시청에 불편이 계속되는 경우아래의 게시판으로 전화번호서비스 접수시 연락처 성명과 함께 네이버지식인에 문의주신 게시글을 남겨주시면담당부서를 통해 제품을 점검하고 문제점을 지원해드리고자 합니다.']"
"['오늘 낮에 노트북이 새로 왔는데 줌을 할 때 캠이 안 되는데 해결법 아시는 분 있으신가요?', 'LG그램 360입니다!']","['먼저 ZOOM 앱에서 설정입니다.', '1. ZOOM 앱 진입하여 메인 화면 우측 상단 설정 버튼을 클릭해 주세요.', '2. 비디오 탭에서 카메라 메뉴 항목을 LG CAMERA로 설정해 주세요.', '이후 동일하면 아래 내용대로 진행해 보시기 바랍니다.', '1. 노트북 키보드 왼쪽 하단의 FN 키와 상단의 F4를 동시에 눌러 SECURE MODE OFF웹캠 마이크 사용 가능로 설정해 주세요.', '모델에 따라 다를 수 있습니다.', '2. 시작 설정 앱 앱 및 기능 카메라 클릭 고급 옵션 앱 사용 권한 카메라 켬으로 설정 후 확인해 주세요.', '3. 왼쪽 하단 시작 우 클릭 장치 관리자 카메라 WEBCAM 항목 우 클릭 디바이스 제거 후 재부팅하여 확인해 주세요.']"
"['75UN7000KNC 제품 스마트 리모콘을 사려고 하는데 무슨 제품을 사야하나요?', 'AKB75855501 제품 사려고 문의하니까 판매처에서는 호환 안되는 제품이라고 하더라고요..', '저 제품 사도 되나요..?', '아니면 다른 제품이 있나요?']",['해당 모델의 경우 AKB75855501MR20GA 리모컨으로 호환 사용이 가능한 것으로 확인됩니다.']
"['산지 1년 정도 됐는데 오늘 갑자기 이래여', '왜 이러죠??', '동영상에서처럼 마우스 픽셀?이 깨지고 화면 전체가 지지직거리다가 화면 깨졌어요', '그러다 다시 원래 화면 나오고 지지직 거리길래 껏다 키니까 괜찮아졌습니다', '수리하러 가야', '됭까요??', '지금은 괜찮은데 먼 문제인가요!!']","['아래와 같이 그래픽 드라이버 제거 후 재설치 진행해 보시기 바랍니다.', '1. 시작 버튼에서 마우스 우 클릭장치 관리자 클릭 디스플레이 어댑터 더블 클릭 INTEL 항목 마우스 우 클릭하여 디바이스 제거 팝업창에서 이 장치의 드라이버 소프트웨어를 삭제합니다', '체크 박스란이 있다면 체크하고 제거입니다.', '2. 재부팅하여 처음 구매할 당시 WINDOWS가 포함된 제품은 LG UPDATE CENTER를 WINDOWS가 포함되지 않은 제품은 LG DNA CENTER PLUS 프로그램을 실행하여 삭제된 그래픽 드라이버를 설치한 후 재부탕하여 확인해 주세요.']"
"['외국에 살다보니 국내 서비스를 받지 못하여 답답하네요', '통돌이 세탁기인데 세탁 과정에서 통도 안 돌고 회전판도 안 도는 현상.이곳 기술자들이 한 달 째 고치지 못하여 문의합니다', 'CLUTCH HOUSING ASSEMBLY를 모두 바꾸어보아도 린스 탈수때는 통이 돌아가는데 세탁과정에서는 안 돌아갑니다.', '답변을 주실 수 있겠습니까?', '혹시 회전 날개판이', '나 WASHER 또는 PIVOT 연결 BOLT가 마모되면 이런 문제가 생길 수 있을런지요.', '전문가님들의 고견을 기다리겠습니다']","['해당 내용에 대해 자세한 확인 및 안내 드리고자 합니다.', 'LG전자 홈페이지 게시판으로 글을 남겨주시면 상세한 안내 및 도움드리겠습니다.']"
['LG 미니빔을 태블릿이랑 연결해서 유튭을 보려는데 어떻게 연결하나요?'],"['미니빔 모델에 따라 실행 방법이 다를 수 있으나아래 두가지 방법을 참고해 주세요.', '1.화면 공유미니빔 리모컨의 외부입력 스크린 쉐어를 선택 후테블릿 PC에서 미러링 기능을 실행하여 연결기기 목록에서자사 미니빔을 선택 후 미니빔에서 수락을 선택해 주세요.', '2.앱 내 공유스마트 기능이 내장되어 유투브 어플을', '미니빔 내에서 실행 할 수 있는 경우만 가능1 동일한 WIFI 공유기로 미니빔과 테블릿 PC를 연결합니다.', '2 테블릿 PC에서 유튜브 어플을 재생 재생화면 우측 상단의 티브이 모양의 아이콘을 선택 합니다.', '3 연결장치 목록 중 자사 미니빔을 선택하시면 유투브 영상이 미니빔에서 재생됩니다.']"
"['제가 19년도 말에 노트북을 구매해서 사용하다가 SSD가 불량이라 교환받고 어찌저찌 다시 윈도우 받고 쓰던 중에 또 불량이었는지 저번처럼 바이오스 오류가 나서 그냥 SSD를 빼고 데스크탑에서 쓰던 외장하드를 쓰려고 하는데 윈도우가 SSD안에 있던건지WINDOW 개념을 잘 몰라요..', '윈도우가 안 켜지는데 다시 사야하는건가요..?']","['윈도우가 설치되어 출시되는 제품은 LG 리커버리 기능이 내장되어 있어 전원을 켜고 F11 키를 연속으로 두드리면 윈도우 포맷 초기화 설치를 진행할 수 있으며 NONOS윈도우 미 포함 제품은 사용자가 직접 정품 윈도우를 이용하여 윈도우를 설치해야 합니다.', '윈도우는 SSD에 설치되고 SSD 제거 후 외장하드 연결하여 사용은 어렵습니다.', '초기화를 하면 사진음악문서공인인증서', '프로그램들이 모두 삭제되며한글MS 오피스포토샵 등등 프로그램들은 다시 설치하여 사용하는 프로그램입니다.', '초기화 관련하여 아래 영상에 자세히 안내되어 있으니 참고 부탁드립니다.', 'WINDOWS 10을 초기화하고 싶어요.']"
"['모델명은 F9WKBY 입니다', '대략 상판 교체 비용 어느정도 나올까요?']",['문의하신 세탁기 수리비는 모델에 따른 부품 수리 범위 수리 난이도 등 종합적인 요소를 고려하여 책정되는 부분으로 답변으로 바로 안내드리기 어려운 점 양해부탁드립니다.']
['오른쪽냉장고가 최신이고 기능도 많아 보이는데 왜 더 싼건가요?'],"['문의해주신 두 모델은 소비전력 등급 차이이며Z491MGB131 모델은 1등급 Z491MGB132 모델은 2등급 입니다.', '또한 같은 제품이더라도 판매처 별로 가격이 다를 수 있으므로제품 구입에 참고해 주시기 바랍니다.']"
['이거 왜이러죠...'],"['IE는 일정시간 이내 세탁통 내에 물이 적정량까지 차지 않으면 발생합니다.', '세탁기가 빌트인으로 설치된 경우 싱크대 밑 문을 열어주세요.', '하얀색이나 파란색으로 된 호스가 보일 겁니다.', '호스를 따라 벽면을 보시면 은색으로 된 밸브가 보일 겁니다.', '왼쪽시계 반대 방향으로 돌려 밸브를 열어 주신 후 사용해주세요.', '참고로 설치 타입에 따라 밸브를 여는 방식이 다르니 아래 LG전자 제품문제해결을 참고하시어급수 밸브를 확인해 보시기 바랍니다.', '빌트인 세탁기 급수가 안돼요']"
"['두달 전 구입한 그램 노트북인데 전원 킬때 이런 소리', '가 나네요...', '왜그런거죠?']","['첨부해 주신 영상 확인 시 엔지니어 점검이 필요한 증상으로 확인됩니다.', '노트북에서 발생할 수 있는 소리는 대부분 팬 동작 소리이지만정확한 원인 및 조치 방법은 제품 점검 후 안내 가능한 점 양해 부탁드리며서비스 예약 후 방문해 주시면 엔지니어가 점검 후 자세한 안내 및 조치 도와드리겠습니다.']"
"['엘지 TV는 구매한지 3년 조금 넘었구요', '예전에도 네트워크 연결이 잘된 편은 아니지만 최근 12달 정도는 아예 와이파이 검색도 안뜨네요', '공유기 이상은 아니고 초기설정이며 핫스팟으로 연결해보려고 했으나 검색조차 안됩니다', '얼마 쓰지도 않았는데 출장비도 너무 아깝고 이럴땐 어떻게 해야하나요', '출장 기사님을 부르는게 답인가요']","['해당 증상의 경우 주변 무선 환경에 의해 무선 네트워크 연결이 원활하지 않을 수 있습니다.이미 조치 해 보셨겠지만 공유기 리셋 및 TV와 공유기 전원을 껐다가 다시 켠 후 사용해 보시기 바랍니다.', '또한 타 무선 기기들은 OFF 후 사용해 보시기 바랍니다.', '아래 URL을 통해 상세 내용을 참고해 주세요.']"
"['코트 재질이 이런데요!', '새로 구매한 거라 먼지가 좀 있어서 한 번 돌려입으려고 합니다.', 'LG스타일러 고급 의류부분에 정장코트로 돌려도 문제 없을까요..?', '또 다운로드 코스에 교복정장 살균 이것도 해도 가능할지 부탁드립니다!']","['스타일러 사용 시에는 먼저 의류에 부착된 취급표시를 확인하여 권장하는 건조 방법에따라 스타일링 해 주시는 것이 좋으며 다음과 같은 표시가 있는 의류는 스타일러에사용하시면 안됩니다.', '아래 의류 소재에 따른 코스 사용 안내를 참고하시어 관리해 보시기 바랍니다.']"
"['엑스캔버스TV를 지인으로부터 받아왔는데TV화면에 HDMI인식이 안되고있어요', '잘사용하던TV라던데 왜그런지 이유를 모르겠네요', '기존의 TV를 연결하면 잘나오는데요']","['해당 증상의 경우 케이블 교체 연결 후 동일한 증상이라면 제품 점검이 필요해 보입니다.', '제품의 정확한 진단 및 조치는 제품 점검 후엔지니어를 통해 안내 가능한 부분으로 서비스를 신청하시어점검과 상세 안내를 받아 주시기 바랍니다.']"
"['제가 노트북을 학교에 두고 어딜 갔다와서 다시 와서 봤는데 아래 사진처럼 되어있어서...', '이렇게 고장난 거는 어떻게 해야 고장날 수 있나요??', '떨어뜨리면 이렇게 되나요??', '그리고 이거 수리 맡기면 대략 얼마 정도 나올까요?']","['제품을 떨어트려', '해당 증상이 발생했는지 외부 충격 및 다른 원인이 있는지 등은엔지니어가 직접 제품 점검 후 안내 가능한 점 양해 부탁드립니다.', '제품의 수리비는 모델에 따른 부품 수리 범위 수리 난이도 등 종합적인 요소를 고려하여 책정되는 부분으로 제품 상태를 확인 후 안내드리고 있습니다.', '서비스 예약 후 방문해 주시면 엔지니어가 점검 후 자세한 안내 및 조치 도와드리겠습니다.']"
"['LG 그램 노트북2021년 3월 구입 사용자입니다.', '제가 학교에서 근무하다 보니 노트북을 사용하고 퇴근하면 그냥 책상 위에 두고 퇴근합니다.', '그런데 요즘 들어 출근해서 노트북을 켜면 노트북 속도가 엄청 느립니다.', '1시간 정도 버벅 거리다 다시 정상 속도도 작동이 됩니다.', '아침에 출근해서 노트북으로 업무를 바로 시작해야하는데 1시간 정도는 노트북이 너무 느려 아무것도 못하고 1시간 정도가 지나야 정상으로 작동이 됩니다.', '원격 AS를 신청했는데 온도가 낮으면 반도체가 잘 작동을 안해서 열이 생겨야 한다는 답변을 하더군요.', '그리고 제가 가지고 있는 노트북의 사용 온도가 상온 10도 40도 라서 지금 날씨가 추워져 영하로 내려가서 그런다고 퇴근할 때 노트북을 보온이 될 수 잇도록 하라고 하더라구요..', '그런데 아무리 그렇더라도 교실 내부의 온도가 영하 1도 내지는 3도까지가 고작일 건데 날씨가 춥다고 노트북 속도가 느려진다는게 이해가 안됩니다.', '혹시 다른 증상이 아닐까 하는데 전문가 분들의 조언을 듣고 싶네요..', '아참 그리고 서비스센터에 가지고 갔더니 알 수 없는 프로그램들의 충돌이라고 공장 초기화를 하라고 하더라구요.', '무슨 말이 맞는건지?.', '예전에는 추워도 잘 작동되었는데....', '어떻게 해야할까요?', '이유가 무엇인지 궁금합니다.']","['속도 느림은 시작 프로그램에 불필요한 프로그램들이 등록되어 있거나악성 프로그램이 설치되었거나 바이러스에 감염되었을 때 온도에 의한 영향 하드웨어 문제 등 다양한 원인이 있습니다.', '시작 프로그램 정리 바이러스 악성코드 검사 등 최적화 작업이 필요해 보입니다.', '아래 방법대로 시작 프로그램 사용 안 함으로 변경하여 사용해 주세요.', '1. 바탕화면 왼쪽 아래에 있는 시작 버튼을 마우스 오른쪽 버튼을 클릭 후 작업관리자를 선택해 주세요.', '2. 작업 관리자 시작프로그램 항목을 선택해 주세요.', '간편 모드로 나오는 경우는 자세히 버튼을 클릭해 주세요.', '3. 시작프로그램에서 사용 빈도 낮거나 불필요한 프로그램은마우스 우 클릭하여 사용 사용 안 함으로 바꾸어주세요.', '사용 안 함으로 변경은 프로그램을 제거하는 것이 아니며PC가 부팅 시 자동으로 실행이 되는 것을 중지시켜 줍니다.', '4. 사용 안 함', '변경 후 시작 버튼 전원 다시 시작하면 변경 내용이 적용됩니다.']"
"['기종을 못찾아서요', '알려주시면 감사하겠습니다']","['첨부해주신 사진상으로 모델명이 확인이 되지 않아정확한 안내를 드리기에 어려움이 있습니다.', '해당 제품의 모델명은 실내기 오른쪽 측면에서 확인 하거나실외기에서 확인이 가능하오니 참고해 주세요.', '또한 리모컨 덮개를 열어 켜짐']"
"['안녕하세요.', '엘지 스타일러 1달 된거 중고로 가져왔는데 눕혀서 가져와서 그런지세우고나서부터 물이 뒷쪽과 아래에서 물이 뚝뚝 떨어지는데 어떻게 해야하나요...?', 'AS 받아야 하나요?', '그리고 수평이 안맞아요...']","['문의주신 현상은 제품 가동 후 남아 있던 잔수가 나온 것인지 이로 인한 내부 부품에 영향은 없는지 등에 대한 확인을 위해 제품 점검이 필요해 보입니다.', '관련하여 글로서 바로 도움을 드리기 어려운 점 양해 부탁드리며..서비스 예약 해 주시면 엔지니어가 방문 드려 제품 상태 확인 후 자세한 안내 가능 한 부분으로엔지니어를 통해 상세 안내 받아보시기 바랍니다.']"
"['겨울철 건조기에 자꾸 띵똥띵똥하는 소리와 함께 화면이 깜박이며 건조기가 멈추네요.', 'LG TROMM 건조기 입니다.']","['건조기의 배수 방법이 배수호스 임에도 물버림', '표시에 불이 들어온다면 연결된 배수 호스에 꼬임', '및 꺾임이 없는지 확인해 보시기 바랍니다.', '배수호스에 문제가 없음에도 물버림', '표시가 지속 발생한다면 전문 엔지니어를통한 제품 점검이 필요합니다.', '서비스 예약 해 주시면 엔지니어가 방문드려 점검 및 조치 도와드리겠습니다.']"
"['엘지 티비가 갑자기 화면이 안나오면서 순간순간 깜빡 거리는 증상이 있네요.', '소리는 정상으로 나오는데 맛간거인가요?', '구매한지 오년정도 되었네요', '고장난거라면 수리비 어느정도 나올까요']",['해당 증상의 경우 영상 테스트자가 진단 기능으로 제품의 이상 유무를 확인할 수 있습니다.']
"['안녕하세요.', '노트북 서브 모니터 사용을 위해디스플레이 설정 복제로 설정했습니다.', '그렇게 하니서브 모니터의 화면이 뿌옇게 보여서 워드 피피티 모두 눈이 아픕니다..', '선명도 조절을 하고 싶은데모니터 자체 설정에서도 조작이 안되네요', '설정 방법이 있을까요?', '고수님들 도와주십쇼 !!', '노트북 모델명 15Z970GPB5ML모니터 모델명 24MK430H모니터 자체화면']","['아래의 방법으로 진행해 보시기 바랍니다.', '1. 노트북과 모니터 연결된 케이블 양쪽에서 분리 후 재연결2. 모니터 설정 일반 설정 초기화로 모니터 모든 설정을 초기화3. 노트북 바탕화면 우 클릭하여 디스플레이 설정 2번 모니터24M430H 해상도 권장인지19201080 확인4. 고급 디스플레이 설정 어댑터 속성 표시 모니터 화면 재생 빈도 60HZ 인지 확인 부탁드립니다.']"
['티비 전원을 껐을 때 갤러리모드가 실행되게 설정하는 방법이 궁금합니다.'],"['전원이 꺼져있는 상태에서는 갤러리 이미지를 띄울 수 없습니다.', '전원이 켜져있는 상태에서 홈 갤러리 항목에서 원하는 테마를 선택 후 감상해주세요.']"
['어느날 이 아이콘이 떴는데설명서가 사라져서 이 아이콘이 무엇을 뜻하는지 모르겠네요'],['첨부해주신 사진의 해당 표시 부분은 제품 좌우 바람 조절 기능이며아래 URL을 통해 상세 내용을 참고해 주세요.']
"['기모바지나 후드티 또는 트레이닝 바지 조금 두꺼운것 넣고 드럼세탁기 탈수하면 처음에 탈수 속도 올리기 시작할때 드럼통이 휘청휘청하며 쉭쉭 소리와 부닥치는 소리 나잖아요.', '그리고 탈수 중에도 진동과 소음이 느껴지잖아요.', '이건 어쩔 수 없는 것인가요?', '확실히 옷 종류에 따라 다른것 같은데 물을 좀 빼서 펼쳐서 넣어 탈수를 해도 진동과 소음은 마찬가지인것 같은데 키로수에 상관없이 원래 그런것인가요?', '가로로 펼치지 말고 차라리 세로로 넣는게 좋을까요?', '다른 빨래와 같이 탈수할때는 다른 빨래는 위아래 넣고 기모나 후드는 가운데 껴서 넣으면 그나마 양호한것 같은데...', '탈수 처음 돌때 쉭쉭 부닥치는 소리와 중간에 진동 소음 나는채로 계속 써도 세탁기엔 지장 없는 것이죠?', 'LG 15KG 드럼세탁기 입니다.']","['탈수는 세탁통드럼을 빠르게 돌려 물기를 빼는 과정으로 탈수가 시작되면 먼저 세탁통이 천천히 돌면서 빨랫감이 고루 퍼져 있는지 확인합니다.', '그런데 이때 부피가 크고 무거운 세탁물은 세탁통의 무게 중심을 한쪽으로 치우치게 하기 때문에세탁통이 균형을 잡지 못하고 부딪히는 듯한 소리가 발생될 수 있습니다.', '이때는 세탁기를 멈추고 세탁통 안의 세탁물을 골고루 펼쳐지도록 정리 후 세탁물에 맞는 탈수 세기를 선택해 사용해 보시기 바랍니다.', '탈수할 때 소리가 나요']"
"['노트북 전원은 들어오나 화면이 켜지지 않는 문제가 발생해 지식인에 질문 남깁니다.', '서치해 본 결과 몇 가지 방법을 찾을 수 있었고 실행해 본 방법은 다음과 같습니다.', '메모리 카드 접촉면 지우개로 지우고 다시 꽂기 구석구석 먼지 제거 전원 킨 후 해상도 높이기..', '무엇을 하든 화면 켜기는 실패로 돌아갔고요.', '사실 노트북 부품을 건들이고 싶어도 전문 지식이 없어 어떤 것이 모니터 선인지..', '알 길이 없네요.', '결론적으로 말씀드리자면 부품의 각 명칭을 알고 싶고 또 아직 시도하지 않은 방법 중 문제 해결에 도움이 될 만한 방법을 알고 싶습니다.', 'AS 센터는 가격 문제로 현재 생각하고 있지 않습니다.', '문제 해결에 결정적인 도움을 주신 분께는 반드시 몇천 원 상당의 네이버 페이를 지급해 드리려고 생각 중입니다.', '답변 부탁드립니다!']","['어댑터를 분리하고 전원 버튼을 10초 이상 눌러 전원을 완전히 끈 후전원 버튼을 다시 눌러 화면이 켜지지 않으면 엔지니어 점검이 필요합니다.제품을 직접 분해수리하는 기술적인 부분은 제품 품질 및 안전과연계된 부분으로 안내드리기 어려운 점 양해 부탁드립니다.', '제품 수리는 전문 엔지니어를 통해 도움받아 보시길 권장하며서비스 예약 후 방문해 주시면 엔지니어가 점검 후 자세한 안내 및 조치 도와드리겠습니다.']"
"['모델은 LG 55EC9300입니다..', '디즈니 플러스 안되는 기종인가요??']","['WEBOS 2.0 이하 모델 및 2016년 이전 구입한 제품에서는DISNEY 앱을 지원하지 않는 것으로 확인됩니다.', '문의해주신 모델은 2015년 제품으로안타깝게도 이용이 어려운 점 양해 부탁드립니다.']"
['엘지 올레드티비 OLED55C9CNA제품 벽걸이 브라켓어떤 제품 써야하나요 ?'],[]
"['A9S 무선청소기 모터쪽 바람 나오는데서 세척을 잘못 했는지냄새가 나는데 분리하는 방법이 있나요??', '아니면 대신 해주는 업체가 있나요']","['배기필터에서 냄새가 난다면 아래 그림과 같이 배기 필터와 프리 필터를 빼내 흐르는 물에 씻고 그늘에서 24시간 이상 물기를 완전히 말려 사용해 주시기 바랍니다.', '또한 청소기 본체에서 흡입구와 파이프를 분리하여 먼지통 내부의 큰 먼지 분리 장치도물로 씻고 그늘에서 완전히 말려서 사용해 주시기 바랍니다.']"
"['이번에 새로 일하게 된 곳에 시스템 에어컨이 있는데 예전 가게에서 그대로 받아온거라 따로 리모컨이 없었나봐요.', '벽에 컨트롤러가 붙어있긴 한데 하필 수납렉이 있어서 화면이 제대로 안 보여서 사용이 불가능합니다.', '퇴근할 때 난방을 끄고 가면 다음날에 너무 추워서 예약을 걸어두려고 하는데 어떤 리모컨 모델을 사면 될까요?']","['첨부해주신 사진으로는 사용 제품의 모델명이 확인되지 않아안내를 드리기에 어려움이 있습니다.', '필터 커버를 열어 내부 라벨에 있는 모델명 확인이 가능합니다.', '다만 2010년 이후 설치한 제품 중 난방 겸용 일반 제품은리모컨 상품번호 AKB74995508로 구입 및 이용이 가능하며난방 겸용 양방향 리모컨은 상품번호 AKB74995508 이용이 가능합니다.', '아래 URL을 통해 상세 내용을 참고해 주세요.']"
"['안녕하세요', '제가 LG드럼세탁기 사용중 인데 섬유유연제 향이 안나요', '빨래', '를 하면 원래는 향이 났는데 향만 났지 진동은 하지 않았구요', '지금은 거의 향이 안나요', '뭐가 문제 인건지 섬유유연제는 다우니 사용 하고 있는데 제 친구도 다우니 쓰는데 걔네집 가면 다우니 향 진동을 하고 옷에도 그냥 나고 지나가도 나고 며칠 냅둬도 나고 그러는데 저도 똑같은 다우니 사용중 인데 왜 향이 나질 않을까요', '정말 답답하네요', '빨래 고수님들 제발 알려주세요', '저도 집안에 다우니 향 가득하게 나고 옷에도 아주 진동을 하면 좋겠어요', '그리고 심지어 다른 친구는 다우니 안써도 섬유유연제 향 진하게 엄청 나고 그 비법이 궁금합니다', '제발 알려주세요', '세탁기 고무패킹 청소법통 세척법섬유유연제 넣는 입구 청소법 등등 아시는 꿀팁 알려주시면 감사하겠습니다!', '제가 지식인 보니까 아래 쓰여 있는 글들 을 너무 많이 봐서요..', '부탁 드립니다', '섬유유연제 추천 안해주시면 감사하겠습니다.', '세탁기 바꿔라 이런말도 삼가 해주시면 감사하겠습니다.']","['섬유유연제는 세탁 전 섬유유연제 칸에 투입해 주시면 최종 헹굼', '시 자동으로 투입되나 아래와 같은 경우 조기 투입되는 현상이 발생할 수 있으니 주의가 필요합니다.', '1. 급수가 되는 도중에 세제통을 열 경우2. 기준선MAX을 초과하여 유연제를 투입할 경우3. 세제통을 강하게 닫아 섬유 유연제가 출렁거리며 넘치는 경우 4. 수압이 너무 강할 경우급수되는 도중에 세제통을 열게 되면 급수되는 물이 섬유유연제 칸으로', '떨어져 섬유유연제가 조기 투입될 수 있습니다.', '또한 세제통 안의 섬유유연제 기준선MAX 위로 넘치게 넣으면 섬유 유연제가 출렁거리며 세탁 시 투입될 수 있기에 섬유유연제 사용량을 참고해 적정량을 넣어 주시고 넘치지 않도록 세제통을 천천히 닫아주시기 바랍니다.', '수압이 너무 강한 경우에는 급수 시 물이 튀어 섬유유연제가 빨리 투입될 수 있으니수압이 세다면 급수 호스와 연결된 수도꼭지를 약간 잠궈서 물의 수압을 약하게 만든 후사용해 보시기 바랍니다.', '이 밖에도 고농축 섬유유연제 또는 점성이 높은 섬유 유연제는 제대로 투입되지 않을 수 있기에 세탁통에 쉽게 들어갈 수 있도록 물에 희석하여 사용해 주시길 권장하고 있습니다.']"
"['TP9 사용합니다.', '한쪽이 안들리는 경우가 하루에도 여러번씩발생합니다.', '그때마다 연결해제하고 케이스에넣고 기다렸다가 다시 연결할 수도 없고.분명 귀에 꽂을때 소리나 소리테스트하면그때는 정상적인데 동영상이나 음악같은거틀면 한쪽은 안들림.', '유튜브 동영상 재생버튼 누르면 1초후에자동으로 동영상을 정지시킴...이때도 한쪽만들림이게 문제가 제일큼왜 지멋대로 영상을 정지시킴?아니 왜 하루에도 수십번 한쪽만 들리냐고답답하네....', '비싸기는 드럽게 비싼데중국제 블루투스 이어폰보다 구려....']",['문의 내용에 대해 LG전자 홈페이지 게시판으로 글을 남겨주시면 상세한 안내 및 최대한 도움 드리고자 합니다.']
"['현재 LG모니터 34GP950G그래픽카드 RTX3060 TICPU I5 8600K 사용중에 있습니다.', '화면이 약간 누런게 신경이 쓰이던 와중에컴퓨터가 그래픽카드를 인식하지 못하여 내장그래픽으로 연결이 됐는데 누런 화면이 하나도 없었던 것입니다.', '현재 그래픽카드로 연결이 되면 화면이 굉장히 누렇게 되는데 이게 그래픽 카드가 불량인건가요?']","['모니터에서 조이스틱 버튼을 눌러 메뉴 일반 설정 초기 설정 예 선택으로', '모니터의 모든 항목을 처음 모니터 구매했을 당시의 일반 설정 상태로 복귀하고메뉴 게임 모드 읽기 모드가 꺼짐', '설정인지 확인 후 그래픽 카드에 연결하여 확인 부탁드립니다.', '위와 같이 조치한 후에도 그래픽 카드에 연결 시 동일하고해당 그래픽 카드에 다른 모니터를 연결하여 다른 모니터에서도 누런 화면이 나온다면 그래픽 카드 문제로 예상됩니다.']"
"['음성인식 버튼 만지고나서부터 계속 이 모양인데 왜이러는걸까요', 'LG 올레드']",['해당 증상의 경우 제품의 정보와 연결 등 사용 환경 확인이 필요합니다.']
"['LG 퓨리케어 공기청정기는 공기청정기 주위의 공기를 냉각시키는 기능 즉 에어컨 같은기능을 하던데요.', '다른 일반가습기도 그런 기능을 하나요?', '아니면 그런 기능을 하는 가습기의 명칭이 따로있는건가요?']",['가습기 제품의 경우 수증기를 통해 건조한 실내 공간의 습도를 조절하는 제품으로 제품 주위의 냉각 기능 및 명칭은 별도 없습니다.']
"['겨울철이라 세탁기가 자주 얼긴 하는데 물이 나오길래 어제 돌렸습니다.', '수도꼭지에서 물이 계속 나오는 소리가 들리고 세탁기는 정상작동하는거 같은데 뒤쪽에 보니까 물이 이렇게 새고 있네요', '기존에는 세탁조에 물만 받으면 물이 그만 나왔는데 어제는 돌리는 내내 물이 유입되는 소리가 들리네요', 'AS 불러야 하나요?']","['겨울철 날씨가 추워지면 세탁기 급수 호스나 내부에 남아 있던 잔수가 얼어 세탁기가 일시적으로오동작이 발생할 수 있습니다.', '수도꼭지와 연결된 급수호스부에서 물이 샌다면 수도꼭지를 잠근 뒤 급수 호스를 분리 50C 이하의따뜻한 물에 담궈 녹여 보시기 바랍니다.', '모두 녹으면 급수 호스를 세탁기에 다시 연결하여 물이 새는지 확인 해 보시기 바랍니다.', '세탁기 동결 자가 조치 방법에 대해 아래 LG전자 제품문제해결에서 보다 자세히 안내되어 있으니 참고 부탁드리며..']"
"['LG 노트북 사용중인데요충전중에도 충전불이 깜빡깜빡 하더니 노트북이 꺼지구요', '전원켜서 배터리 확인하면 80 정도 있음', '충전기를 꼽아도 충전 불이 안들어와서 선을 이리저리 꺾어서 겨우 충전자리 찾아야해요', '충전기 문제인줄알고 새로 샀는데도 안됨1. 노트북이 왜이럴까요...', '2. 오래된 기종인데 서비스센터에 가도 수리될까요', '3. 수리비용은 얼마쯤 나올까요']","['층전 중에도 꺼진다면 엔지니어 점검이 필요해 보입니다.', '1. 발생 원인 배터리 및 어댑터 노트북 문제 인지 여부 확인 및 조치는 엔지니어가 제품을 점검 후 자세한 안내 및 조치 도와드리겠습니다.', '2. 오래된 제품이어도 센터 방문하시면 엔지니어가 제품 점검 후 부품 유무 등 확인하여 수리 가능한지 안내드리고 있습니다.', '3. 수리비는 모델에 따른 부품 수리 범위 수리 난이도 등 종합적인 요소를 고려하여 책정되는 부분으로 엔지니어가 제품 상태를 확인 후 안내 가능한 점 양해 부탁드립니다.', '번거로우시겠지만 노트북과 어댑터 지참하시고 가까운 서비스 센터 방문하시어전문 엔지니어를 통해 점검 및 정확한 상담 나눠 보시기 바랍니다.']"
"['65인찌 LG OLED TV C1이랑 G1 둘중 고민입니다.', 'G1이 100정도 더 비싼데여LG가서 물어보니 화질은 똑같다는데 음질이 조금 좋다는데100이나 차이가 난다고 해서 구매혼란옵니다.', 'C1 이랑 G1 차이점 부탁드립니다.', 'G1이 확실히 더 좋은건 알겠는데 뭐가 어떻게 더 좋은지 구체적으로 부탁해요']","['제품 차이점의 경우 C1 이후 표기되는 영문 및 정확한 모델명 확인이 필요합니다.', 'G1KNA 모델은 다이렉트 음성인식 기능이 내장되어 리모컨에 음성 기능을 사용하지 않아도 TV 본체에서 음성인식 기능을 이용할 수 있으며C1은 리모컨에 마이크 버튼을 눌러 제어해야 합니다.', 'C1 모델과 G1 모델의 경우 인공지능 프로세서는 알파 9으로 동일하지만G1모델의 경우 EVO 제품군으로 나뉩니다.', 'EVO 2021년부터 올레드 소자 성능을 업그레이드 한 차세대 올레드 패널이 도입 모델명 G1정교한 파장의 빛을 내면서 기존 대비 더욱 섬세한 화질 압도적 명암비 블랙 표현 넓은 시야각을 표현하고 밝은 화면을 보여주는 특징이 있습니다.', '하여 화질적인 부분에서는 G1모델을 우위라고 볼 수 있습니다.', '이외 음성 출력의 스펙적인 부분 또한 모델명 확인 후 안내가 가능합니다.']"
"['올레티비 리모컨이 아닌 티비 자체 리모컨으로도 올레티비 조작이 다됩니다', '근데 올레티비 리모컨으로 전원을 끄면 티비도꺼지고 기가지니 셋톱박스도 꺼지는데 티비리모컨으 끄면 티비만 꺼지고 셋톱박스는 못끄던데 할 수 있는 방법이 있을까요?']",['해당 증상의 경우 HDMI CEC 기능을 TV와 셋탑에 각각 설정이 가능한지 확인이 필요해 보입니다.']
"['LG TV 55UN7000PUB 모델인데 매직 리모컨 MR20GA모델 호환 안되나요??', '통합리모컨이라도 되는 모델이 없나요??']",['해당 모델의 경우 매직 리모컨이 호환되지 않는 것으로 확인됩니다.']
"['어찌된 영문인지 갑자기 TV모니터로 쓰고있는 모니터가 소리랑 화면은 이상없이 출력이되는데 모니터안에서 소리만 울림통처럼 조그맣게 울리는현상입니다.', '소리설정 볼륨설정 다확인하고 잭도 확인 컴퓨터 재부팅등 여러가지 확인해봤는데해답을 찾기힘드네여..', '모니터 안에서 들리긴하는데 소리가 모니터안에서 소리가 울립니다..', '처음겪는상황이라 어떻게 해야할지 도움요청드립니다.']",['해당 증상의 경우 제품의 정보와 연결 등 사용 환경 확인이 필요합니다.']
"['LG 그램 2016년?에 사서 5년정도 되었는데요...', '어제 갑자기 화면처럼 되더니 계속 저 상태인데..', '수리비용이 많이 들까요...']","['첨부해 주신 사진 확인 시 그래픽 드라이버 제거 후 재설치가 필요해 보입니다.', '1. 시작 버튼에서 마우스 우 클릭장치 관리자 클릭 디스플레이 어댑터 더블 클릭 INTEL 항목 마우스 우 클릭하여 디바이스 제거 팝업창에서 이 장치의 소프트웨어를 삭제합니다', '체크 박스란이 있다면 체크하고 제거입니다.', '2. 재부팅하여 처음 구매할 당시 WINDOWS가 포함된 제품은 LG UPDATE CENTER를 WINDOWS가 포함되지 않은 제품은 LG DNA CENTER PLUS 프로그램을 실행하여 삭제된 그래픽 드라이버를 설치한 후 디스플레이 설정에서 권장 해상도로 설정 후 확인해 보시기 바랍니다.', '위와 같이 조치한 후에도 동일하다면 엔지니어 점검이 필요한 부분으로 서비스 예약 후 방문해 주시면 엔지니어가 점검 후 자세한 안내 및 조치 도와드리겠습니다.', '수리비는 모델에 따른 부품 수리 범위 수리 난이도 등 종합적인 요소를 고려하여 책정되는 부분으로 엔지니어가 제품 상태를 확인 후 안내 드리겠습니다.']"
"['제품명은 82UP8770PUA구요', '스펙상은 트루모션240HZ지원하나 실스펙은 120HZ라곳납니다.', '제가알기론보통HDMI 1포트가 디스플레이의 최대스펙을뽑는 포트로알고있었는데뒤에포트를보니 3 번4번포트에만 4K 120HZ라고 적혀있습니다.', '왠지 여기에만 꼽아야 저렇게 작동되는게 아닌가싶구요', '해상도와 HDR 및 돌비 애트모스 적용은 모든포트에 동일합니다.', '혹시몰라서 현재는 4포트에 물려사용중에 있습니다.', '제가아는지식이 맞는지 궁금하여 작성합니다.', '감사합니다.']",['해당 제품의 경우 HDMI12 단자 HDMI2.0HDMI34 단자 HDMI2.1 지원하는 것으로 확인됩니다.']
['직구TV는 넷플릭스랑 다즈니플러스 정도만 OTT 이용 할 수있는데 애플TV사용 하면 왓챠나 웨이브 사용할수 있나요?'],['해외향 제품의 경우 국내 앱 이용이 어려울 수 있으며사용 제품의 모델이 확인되지 않아 내용 확인에 어려움이 있습니다.']
"['노트북을 키면 마치 바람빠지는것 마냥 위잉소리가 났다가 다시 안났다가 났다가를 반복합니다.', '이게 소리가 작으면 그냥 넘어가겠는데 소리가 점점 커지고 작아지고를 반복해서요.', '원인은 무엇일까요?', '만약 고쳐야한다면 얼마정도 나올까요?', '노트북은 LG그램이구요', '산건 올해 1월에 샀지만 제조일자가 2018년 12월입니다']","['노트북에서 발생할 수 있는 소음은 대부분 팬 동작 소리로 팬 고장 고 사양 프로그램 사용 시 바이러스 또는 악성코드에 감염될 경우 발생할 수 있습니다.', '1. 노트북에서 FNF1을 동시에 눌러 LG CONTROL CENTER 진입 후 시스템 설정저소음 모드를 ON으로 설정하면 팬 소음을 줄일 수 있습니다.', '모델에 따라 미지원 일 수 있습니다.', '저소음 모드는 노트북의 CPU 사용량을 낮춰 CPU 쿨링팬을 최대한 적게 사용하여 소음을 줄여주는 기능입니다.', '하지만 CPU 쿨링팬이 덜 작동해 열을 내보내는 기능이 약해져오랜 시간 사용하면 발열이 심해질 수 있는 점 참고하시기 바랍니다.']"
['LG 디오스냉장고 S825WZ32 생산년도'],['S825WZ32 모델의 경우 2015년 출시 제품으로 확인됩니다.']
"['이것도 블랙아웃현상이라고 하는지는 잘 모르겠는데...', '2020 그램을 사고 윈도우 11으로 업데이트를 12월 15일에 했습니다...', '전원을 나중에 끈다는 알림을 준다고 해서 계속 사용을 했고 이후 12월 16일에 제가 사용하지 않을 때 .NET FRAMEWORK 3.5및4.8누적 업데이트를 했었나 봅니다..', '그 이후부터 이런 현상이 나기 시작했습니다', '처음 이 현상이 발견된 후 컴퓨터를 껐다 키니 괜찮아져 사용을 하다가 12월 17일에 업데이트를 하며 다시시작한 후에 또 이런 일이 발생하여 또 껐다 켰습니다...', '지금까지 조금 창을 두 개 띄워놓는다던지 하면 글자가 흔들리는 현상과 많이 창을 띄우게 되면 블랙아웃 현상이 나타납니다...', '오늘 특히 심해져서 마우스를 왔다갔다하면 두 현상이 나타납니다', '계속 껐다 키는 게 맞는 방법일까요...?', '저는 밤에 컴퓨터로 유튜브 노래를 틀고 자서 컴퓨터가 밤에 언제 꺼지는지는 모릅니다...', '혹시 이것 때문인지도 궁금합니다']","['윈도우 10 사용 시에 정상이었다면 11 업데이트 오류로 예상됩니다.', '그래픽 드라이버 업데이트 진행해 보시기 바랍니다.', '1. 시작 버튼에서 마우스 우 클릭장치 관리자 클릭디스플레이 어댑터 더블 클릭 INTEL 항목 마우스 우 클릭하여 디바이스 제거 팝업창에서 이 장치의 소프트웨어를 삭제합니다', '체크 박스란이 있다면 체크하고 제거입니다.', '2. 재부팅하여 처음 구매할 당시 WINDOWS가 포함된 제품은 LG UPDATE CENTER를 WINDOWS가 포함되지 않은 제품은 LG DNA CENTER PLUS 프로그램을 실행하여 삭제된 그래픽 드라이버를 설치한 후 확인해 주세요.']"
"['LG TV에서 LG채널에서 300번대에 TVN 예능프로 드라마해서 그 프로면은 끝나면 바로바로이어서 나오게 되있었는데 갑자기 없어졌네요', 'TVN쪽에서 제공안해서 이제없어진건가요']",['방송사의 요청에 따라 LG채널 서비스를 제공하는 WAVVE 측의 결정으로LG채널내 지상파 계열 채널 서비스가 WEBOS 2.0 WEBOS 6.0 플랫폼 종료되어 방송 시청이 불가한 것으로 확인됩니다.']
"['삼성 갤럭시S10쓰고 있는데 엘지 노트북과 무선동글이로 연결하려고 하는데요', '검색도 해보고 온갖 방법을 써봤는데도 안되네요', '도대체가 왜안될까요?', '노트북에 연결해서 핸드폰 미러링 할수있는 방벙있나여?']","['윈도우 10 버전에서 노트북과 휴대폰 미러링은 휴대폰이 지원이 되는 모델이면 동글이 사용하지 않아도 연결 가능합니다.', '1. 시작 버튼 설정 시스템 PC에 화면 표시 첫 번째 항목에서 어디에서나 사용 가능으로 설정 해줍니다.', '2. 작업 표시줄 검색돋보기 모양에서 연결 입력 사용자 휴대폰 연결 휴대폰 추가하시고 이후 안내 내용에 따라 순서대로 진행하시기 바랍니다.']"
"['AS281DWPC 모델은 20년 12월 공기청정기 펫 모델 극세필터분리형X2개AS281DNPA 모델은 21년 4월 공기청정기 펫 플러스 모델 극세필터분리형X12개 차이가 뭔가요?', '제가 찾아보기론 모든 기능은 다 똑같은데트루 토탈케어 필터에서 극세필터분리형 개수 차이가 끝인거 같은데 맞나요?', '저게 차이가 있다고많이 다른가요?', '아니면 더 다른 기능이 있거나 없는게 있을까요?', '너무 궁금합니다', '아시는분들없으신가요?']","['DWPC2등급는 온라인 판매 DNPA1등급는 판매채널이 공용으로판매 채널에 따른 차이가 있습니다.', '판매채널에 의해 분리형 필터 지급갯수가 달라지며DWPC모델은 구성품에 리모컨이 미제공되고 DNPA는 리모컨이 제공됩니다.', '참고로 본체에 리모컨 수신부가 없어서 구입하셔도 사용이 불가합니다.', '두 제품다 28평이지만 세부 공기청정 면적을 보게되면 DWPC는 97 DNPA는 91로 차이가 있습니다.']"
"['처음엔 액정이 나간줄 알고 닦앗는데 왠걸 안닦이길래 커서를 갔다 대봤더니 뭔가 최소화된 화면이더라구요', '커서를 가지고 키워봤더니 아래사진처럼 커집니다', '끌 수 있는 칸도 없구요', '어떻게 없애나요', '도와주세요']",['해당 증상은 노트북 모델명 윈도우 버전 등 전반적인 제품 사용 환경 확인이 필요해 보입니다.']
"['노트북을 키면 마치 바람빠지는것 마냥 위잉소리가 몇분간 나다가 안납니다.', '노트북은 LG그램이구요', '산건 올해 1월에 샀지만 제조일자가 2018년 12월입니다', '원인은 무엇일까요?', '만약 고쳐야한다면 얼마정도 나올까요?']","['노트북에서 발생할 수 있는 소음은 대부분 팬 동작 소리로 처음 구동 시 소리가 나며 사용하면서 CPU의 사용량이 증가하면 CPU에서 발생되는 열을 식히기 위해 팬의 속도가 빨리 돌며 소음이 커질 수 있고이후 사용하는 프로그램 등에 따라 소음이 작게 들릴 수 있습니다.', '지금까지 정상적으로 사용하였고 지속 소음이 발생한다면 엔지니어 점검이 필요해 보입니다.', '정확한 발생 원인 및 조치는 엔지니어가 직접 점검 후 안내 가능한 부분으로서비스 예약 후 방문해 주시면 엔지니어가 점검 후 자세한 안내 및 조치 도와드리겠습니다.', '노트북 보증기간은 구입 후 1년 이내로 정상 사용 중 자연 발생한 고장에 대해서는 무상 수리 가능합니다.', '다만 엔지니어가 제품 상태를 확인 후 안내 가능한 점 양해 부탁드립니다.']"
"['갑자기 MBCKBSEBSSBS채널이안나오네요', '넷플릭스 같은건 되는데']","['특정한 채널이 나오지 않을 경우 신호 또는 TV 설정 문제로 나타날 수 있습니다.', '채널의 수 및 채널 지원은 케이블 통신사에서 제공됩니다.', '먼저 해당 통신사를 통해 상담을 나누어 주시기 바랍니다.']"
"['올인원제품안에 린스가포함인데 린스0으로해놓고쓰면 시간이 1시간이나 늡니다.', '방법이없나요?', '예를들어 자연퐁 세제따로 린스따로쓸때는 스팀코스 1시간50분이던게 올인원제품이라 린스를 0으로해서 안나오게했더니 더강력한건조를 하려고 시간이1시간더느는거임..', '어떻게해야되나요?']","['올인원 세제 같은 경우 세제 투입시 린스가 같이 투입 됩니다.', '실제로 린스는 건조를 위해서 헹굼시에 들어가는데 올인원세제는 세제투입시에 들어가기 때문에 린스를 단독으로 쓰는것과 같은 효과가 나타나지 못합니다.', '하여 린스를 0으로 맞춰도 고온건조가 셋팅이 되고 린스를 1로 맞추고 린스를 넣지 않아도 린스가 없다고 인식을 하기에 고온건조가 셋팅이 됩니다.', '린스 없이 사용하기를 원하실 경우 매번 고온건조 버튼을 직접 눌러서 꺼주셔야 합니다.']"
"['AS281DWPC 모델은 20년 12월 공기청정기 펫 모델 극세필터분리형X2개AS281DNPA 모델은 21년 4월 공기청정기 펫 플러스 모델 극세필터분리형X12개 차이가 뭔가요?', '제가 찾아보기론 모든 기능은 다 똑같은데트루 토탈케어 필터에서 극세필터분리형 개수 차이가 끝인거 같은데 맞나요?', '저게 차이가 있다고많이 다른가요?', '아니면 더 다른 기능이 있거나 없는게 있을까요?', '너무 궁금합니다', '아시는분들없으신가요?']","['DWPC2등급는 온라인 판매 DNPA1등급는 판매채널이 공용으로판매 채널에 따른 차이가 있습니다.', '판매채널에 의해 분리형 필터 지급갯수가 달라지며DWPC모델은 구성품에 리모컨이 미제공되고 DNPA는 리모컨이 제공됩니다.', '참고로 본체에 리모컨 수신부가 없어서 구입하셔도 사용이 불가합니다.', '두 제품다 28평이지만 세부 공기청정 면적을 보게되면 DWPC는 97 DNPA는 91로 차이가 있습니다.']"
"['문짝을 세게 닫지도 않았는데 요즘 몇일 추웠는데 얼어서그런지 문짝강판유리?에 금이 갔습니다', '제가 20년.2월쯤 샀는데 문짝 왜 갑자기 금이....', '얼마나 들까요 이런경우 많나요 ...', '고객센터 전화해보니 출장비만 18000원 발생한다고 하는데.. 2년도 안되어서 너무 속상하네요...', 'LG관계자분있으면 답변 부탁드립니다']","['제품 이용에 불편을 드린 점 사과드리며해당 증상의 경우 제품 점검이 필요합니다.', '제품의 정확한 진단 및 조치는 제품 점검 후엔지니어를 통해 안내 가능한 부분으로 서비스를 신청하시어점검과 상세 안내를 받아 주시기 바랍니다.']"
"['며칠 전부터 엘지 그램 노트북을 키면 이렇게 되는데요...', '이유가 뭘까요 수리센터 가면 될까요?']","['어댑터를 분리하고 전원 버튼을 10초 이상 눌러 전원을 완전히 끈 후전원 버튼을 다시 눌러 정상으로 화면이 켜지는지 확인해 보시기 바랍니다.동일하면 액정 문제인지 액정과 연결된 케이블 문제인지 등 확인을 위해 엔지니어 점검이 필요합니다.', '해당 증상의 원인 파악 및 조치 방법에 대한 안내는 엔지니어가 직접 점검 후 가능한 점 양해 부탁드리며서비스 예약 후 방문해 주시면 엔지니어가 점검 후 자세한 안내 및 조치 도와드리겠습니다.']"
['LG 65UF8500 디즈니플러스 앱 설치 문의콘텐츠스토어에 디즈니플러스가 없는데 어떻게설치하나요'],"['WEBOS 2.0 이하 모델 및 2016년 이전 구입한 제품에서는DISNEY 앱을 지원하지 않는 것으로 확인됩니다.', '문의해주신 65UF8500 모델은 2015년 WEBOS 2.0 제품으로안타깝게도 이용이 어려운 점 양해 부탁드립니다.']"
"['셋톱 연결은 했눈', '데 화면 은 나오는데 사운드가 안나옴니다 모니터 뒤에 다 선을 꼽아도 보고 셋톱 박스 사운드 외부 입력 도 해 보고 했눈데 안돼네여 ..', '어떻게 해야 하나여 ?']","['해당 모니터는 내장 스피커 미지원으로 셋톱박스와 모니터를 HDMI 케이블로 연결 후모니터 뒤 헤드폰 포트에 이어폰이나 증폭 기능이 있는 외부 스피커 연결을 하면 소리 출력이 가능합니다.', '다만 노이즈잡음 오동작이 될 수도 있습니다.', '모니터와 셋톱박스의 볼륨을 높여도 소리가 나오지 않으면 모니터에서 별도 설정이 없기에연결된 셋톱박스에서 별도 소리 설정이 있는지 셋톱박스에 직접 스피커 연결이 가능한지 등사용하는 통신사로 문의 부탁드립니다.']"
"['스크린셰어를 핸드폰이랑 연결 하려고 하는데 이렇게 떠요...', '뭐가 문제일까요??']",['화면 공유 기능을 지원하는 휴대폰이 맞다면TV 전원을 껐다 켜서 아래 URL을 통해 아래 방법으로 재연결 해주세요.']
"['노트북 업데이트 하기를 눌렀는데 한시간째 계속 다시시작 하는중 반복인데 어떻게해야되나요..?', '노트북 전원을 눌러도 꺼졋다가 다시 시작 화면이 또 나오고 반복해요']","['WINDOWS 업데이트는 마이크로소프트에서 시스템을 최적의 상태로 유지하기 위해서주기적으로 기능이나 보안 개선 관련 업데이트를 진행합니다.', '업데이트가 완료되지 않았다면 강제 종료 후 재부팅을 해도 동일한 화면이 표시됩니다.', '업데이트 중일 경우 오랜 시간이 소요될 수 있기에어댑터를 연결한 상태에서 업데이트 완료될 때까지 기다려 주세요.', '참고로 강제 종료 시 저장되지 않은 데이터가 손실되거나저장 장치가 손상되거나 시스템에 문제가 발생할 수 있기에 주의하시기 바랍니다.오랜 시간이 지나도 동일한 화면이 지속된다면 정확한 원인 확인을 위해 엔지니어 점검이 필요합니다.', '서비스 예약 후 방문해 주시면 엔지니어가 점검 후 자세한 안내 및 조치 도와드리겠습니다.']"
"['스마트TV구입예정인데 티빙 지원되나요??', '넷플릭스 WAVVE 는 지원되는거 아는데 티빙은 모르겟내요 ...', '알려주실고수분 기다립니다']",['해당 모델은 티빙 앱 지원이 가능한 것으로 확인됩니다.']
"['질문LG 27인치 27GN650 울트라기어 게이밍모니터 셋톱박스 연결셋톱 연결은 했눈', '데 화면 은 나오는데 사운드가 안나옴니다 모니터 뒤에 다 선을 꼽아도 보고 셋톱박스 사운드 외부 입력 도 해 보고 했눈', '데 안돼네여 ..', '어떻게 해야 하나여 ?', '모니터 자체는 사운드가 안돼는 건 아는데 컴퓨터 로도 소리 안나오나여?', '셋톱 은 연결 했는데 소리 가 안나와서 미치 겠어여']","['해당 모니터는 내장 스피커 미지원이지만 모니터 뒤 헤드폰 포트에', '이어폰이나 증폭 기능이 있는 외부 스피커 연결을 해보실 수 있습니다.', '다만 노이즈잡음 오동작이 될 수도 있습니다.', '1. 모니터와 셋톱박스를 HDMI로 연결하고 모니터에 스피커나 이어폰을 연결 후소리 출력이 안 되면 모니터에서 별도 설정이 없기에 연결된 셋톱박스에서 별도 소리 설정이 있는지 셋톱박스에 직접 스피커 연결이 가능한지 등 사용하는 통신사로 문의해 주세요.', '2. 1 데스크탑 헤드폰 포트에 이어폰이나 스피커를 연결하면 소리 출력이 가능합니다.', '제어판에서 소리 설정을 이어폰이나 스피커로 기본 설정을 해주세요.', '기본 설정을 해도 소리 출력이 안 되면 PC 사운드 드라이버 문제일 수 있습니다.', '사운드 드라이버를 삭제하고 재설치 후 재부팅하여 확인해 보세요', '사운드 드라이버는 PC 제조사 홈페이지 참조해 주세요.', '2 데스크탑과 모니터를 HDMI로 연결하고 스피커나 이어폰을 모니터에 연결 후제어판에서 소리 설정을 모니터로 기본 설정했는데도 소리 출력이 안 되면 1과 같이 PC 사운드 사운드 드라이버를 삭제하고 재설치해 보세요.']"
"['모델명까지는 잘 모르구요...', '에어컨 사진과 오류사진 첨부합니다.', '중앙제어되는 모델이고...CH 237 이런 숫자로 깜빡입니다.', '해결 방법 부탁드립니다']","['해당 에러코드는 실외기와 실내기의 통신 불량 증상으로 제품 점검이 필요합니다.', '다만 전기 불안정 또는 그 외 전기적 요인으로 일시적인 에러 발생일 수 있으므로제품의 전원코드 또는 전용 차단기를 내려 전원 리셋을 약 5분 후 재사용 해주시고동일 증상 및 동일 에러코드가 반복된다면 서비스를 신청하시어전문 엔지니어의 점검과 상담을 받아 주시기 바랍니다.']"
"['G 27인치 27GN650 울트라기어 셋톱박스 연결LG 27인치 27GN650 모니터 바탕화면 사운드 LG 울트라기어 설정후 모니터 영상 재생 소리는 들림니다', '그런데셋톱 박스 연결 되어 있는 근대 HDMI로 바꾸면 영상은 나오는데 소리 가 안나오네요', '소리 는 어떻게 해야 나오나', '여 꼭좀 알려 주', '세여 내공 100드림니다소리 안나와서 미치 겠어여', '스피커 이어폰 둘줄 하나라도 소리가 나오게 도와 주세요', '케이블 셋톱 설치 했는데 케이블 볼때 소리 가 안나와서 문의 드려요']","['해당 모니터는 내장 스피커 미지원이지만 모니터 뒤 헤드폰 포트에', '이어폰이나 증폭 기능이 있는 외부 스피커 연결을 해보실 수 있습니다.', '다만 노이즈잡음 오동작이 될 수도 있습니다.', '모니터 볼륨을 높여도 소리가 나오지 않으면 모니터에서 별도 설정이 없기에연결된 셋톱박스에서 별도 소리 설정이 있는지 셋톱박스에 직접 스피커 연결이 가능한지 등사용하는 통신사로 문의 부탁드립니다.']"
"['12월 13일에 LG 노트북 AS 받았습니다.', '메인보드를 교체 하였는데 가끔 꺼지거나 해도 아 내가 중고 메인보드로 바꿨으니까 이정도는 감안해야지..?라고 생각했어요.', '트위터보면 그런일도 많이 보여서 당연한 줄 알았는데 오늘 고치기 전 증상하고 똑같아서...', '2주가 좀 넘었는데 환불 안될까요?', '제가 지금 몸이 아파서 밖에 못나가는데 어쩌죠...']","['수리 후 동일 증상으로 불편 드려 죄송합니다.유상 수리 후 정상적으로 사용하는 과정에서 수리한 날로부터 2개월 이내 종전과 동일한 고장이 발생한 경우 무상으로 수리가 가능하며 수리를 원하지 않으시거나 수리가 불가한 경우 수리비 환급이 가능한 것으로 보입니다.', '다만 엔지니어가 제품 점검 후 안내드릴 수 있는 부분으로 센터 방문이 어려우시다면 출장 서비스 신청하시어 제품 점검 후 자세한 안내 받아보시기 바랍니다.']"
"['이거 깨져서 세는건가요..?', '거품이 줄줄세는데 어떡하죠']","['첨부해주신 사진으로는 깨지거나 손상 부위가 확인되지 않으나세제가 과다하게 투입되는 경우 거품이 많이 생기거나헹굼을 적게 할 경우 거품이 많이 남거나 잔류할 수 있습니다.', '미니 세탁기는 아기 옷 속옷과 같은 민감성 의류 위주의 세탁을 위한 소량 전용 제품으로 적은 량의 세제로 세탁을 진행해야 합니다.', '세제 량을 줄여 이용해 주시고 손상 부위가 확인되거나세제량과 관계 없이 불편이 지속된다면 서비스를 신청하시어전문 엔지니어를 통해 제품 점검 및 상담을 나누어 주시기 바랍니다.']"
"['물 탈수 안한상태로 건조기 돌리고 난 후 부터 저래요', '중간에 멈추고 저런 표시 뜨는대 뭔가요']","['해당 증상의 경우 물통이 가득 차면 해당 표시가 점멸하며 건조가 중지됩니다.', '배수 호스를 연결하여 사용하는 경우 배수 호스가 꼬임 꺾임 높게 설치 또는 물에 잠김', '등 현상이 없는지배수 호스 상태 점검이 필요합니다.', '물통을 사용하는 경우 물통을 비운 후 꼭 맞도록 재장착하여 작동해 주세요.']"
"['삼성 갤럭시S10쓰고 있는데 엘지 노트북과 무선동글이로 연결하려고 하는데요', '검색도 해보고 온갖 방법을 써봤는데도 안되네요', '도대체가 왜안될까요?', '노트북에 연결해서 핸드폰 미러링 할수있는 방벙있나여?']","['윈도우 10 버전에서 노트북과 휴대폰 미러링은 휴대폰이 지원이 되는 모델이면 동글이 사용하지 않아도 연결 가능합니다.', '1. 시작 버튼 설정 시스템 PC에 화면 표시 첫 번째 항목에서 어디에서나 사용 가능으로 설정 해줍니다.', '2. 작업 표시줄 검색돋보기 모양에서 연결 입력 사용자 휴대폰 연결 휴대폰 추가하시고 이후 안내 내용에 따라 순서대로 진행하시기 바랍니다.']"
"['8년정도?', '조금 오래된 LG LED TV입니다.', '근데 최근 들어서 리모컨 조작을 하지 않음에도 불구하고채널이나 음량이 저절로 변경되고외부입력창이 뜨는 등 타인의 리모컨 조작으로 인해저희집 TV랑 간섭이 일어나고 있는 것 같습니다.', '저층 아파트라 한집씩 물어보고 있는데 일반적으로 외부입력으로 진입하는 경우는 드물어서 물어봐도 다들 아니라고만 하고어떻게 해야할지 고민입니다.', 'TV설정 어딜봐도 외부 리모컨 주파수 차단이라던가 그런건 없나보네요.']","['일반적으로 다른 세대에서 고객님 댁 내 TV를 조작 하기는 어렵습니다.', '또한 리모컨의 주파수 차단 기능은 별도로 설정 할 수 없으며해당 증상은 리모컨이나 TV자체의 오동작으로 보여 제품 점검이 필요해 보입니다.', '제품의 정확한 진단 및 조치는 제품 점검 후엔지니어를 통해 안내 가능한 부분으로 서비스를 신청하시어점검과 상세 안내를 받아 주시기 바랍니다.']"
"['LG티비 이어폰으로 듣다가 갑자기 소리가 안나와요', '껏다켜도 안되고 이어폰을 패도 꼽아도 반응이 없어요', 'USB는 소리가 나는데 어찌된걸까요']","['TV에 USB 연결 재생 시 소리가 들린다면 TV 스피커 성능에는 문제는 없는 것으로 예상됩니다.', '셋탑 박스를 통해 TV 시청을 한다면 연결된 셋탑박스 신호 송출 문제로 소리 전달이 안될 수 있으므로 셋탑 박스의 전원을 끄고 전원 코드를 분리 후 잠시 후 재연결하여 확인해 주세요.', '만약 동일하게 소리가 들리지 않는다면 가입한 통신사로 상담이 필요해 보입니다.']"
"['티비넷플릭스에서 자꾸 99퍼에서 로딩이 끊깁니다.', '인터넷 유선으로 다 연결되어 있는데 꼭 중간중간에 99퍼에서 100퍼로 안오르고 그대로입니다.', '그래서 로딩 99퍼마다 뒤로갔다와서 다시보느라 귀찮은데 이거 어떻게 해결하나요?', '티비는 LG꺼입니다.']",['해당 증상의 경우 넷플릭스로 상담이 필요해 보입니다.']
"['원룸인데요', '냉장고는 LG B187WM 주기적으로 다다다드드드드드드득 소리 납니다', '첨부파일코드 10분정도 뺐다고 꽂아도 저러네요', '은근 자주 발생해서 짜증나네요...', '고장난건지...', '음성 006.M4A 내PC 저장 MYBOX 저장']","['냉기 만드는 과정 중 모터와 팬 회전 시 해당 소음이 발생할 수 있습니다.', '냉각 모터는 냉기를 만들 때 가동되다가 냉장고 속에 어느정도 냉기가 퍼져 온도가 낮아지면 가동을 멈춥니다.', '또는 바닥이 단단하고 고르지 않은 곳에 냉장고가 설치되어 있거나냉장고의 수평이 맞지 않아 진동이 생길 때 소음이 발생할 수 있습니다.', '냉장고의 수평이 맞지 않는다면 수평을 조정해 주세요.', '조치에 어려움이 있으시거나 소음으로 불편이 크시다면서비스를 신청하시어 전문 엔지니어의 점검과 상담을 나누어 주시기 바랍니다.']"
"['오늘 오전에 서비스센터가서 수리 받고 왔는데 하루도 안돼서 저녁에 또 똑같은 문제로 인터넷 연결 안되네요', '도대체 무슨 경우인지 모르겠어요', '노트북 도 구매한지 이제 6개월정도 되어갑니다', '이렇게 비싸고 좋은 성능 노트북 구매한게 무슨 소용인가 싶네요', '매일 노트북 사용해야하는데 사용할때마다 서비스 센터 들락거릴수도 없는 노릇이고 너무 시간 아까운데LG도 노트북 리퍼가 가능한건가요??', '진짜 너무 스트레스네요']","['수리 후 동일한 증상으로 불편 드려 죄송합니다.먼저 윈도우즈 버전을 최신으로 업데이트하시기 바랍니다.', '시작설정업데이트 및 보안WINDOWS 업데이트업데이트 확인에서 가능합니다.', '윈도우즈 11로 업그레이드가 아닌 윈도우 10에서 윈도우즈 업데이트를 최신으로 진행하는 것 이니 주의하시기 바랍니다.', '이후 아래 안내드리는 내용대로 진행하여 무선랜 드라이버 제거 후 재설치 진행하여 확인하시기 바랍니다.', '1. 키보드 FNF6을 눌러 비행기 모드 끄기를 해주세요.', '2. 작업 표시줄 시작 버튼을 마우스 오른쪽 버튼을 클릭 후 장치 관리자를 선택해 주세요.', '3. 장치 관리자 네트워크 어댑터 더블 클릭 INTELR WIFI 6 AX201 160MHZ 항목 마우스 오른쪽 버튼을 클릭하여 디바이스 제거 항목을 클릭해 주세요.', '4. 디바이스 제거 시 이 장치의 드라이버 소프트웨어를 삭제합니다', '항목에서 체크를 해제해 주시고 제거 버튼을 클릭해 주세요.', '5. 바탕화면 좌측 하단 시작 전원 다시 시작으로 재부팅 한 후 인터넷이 잘 되는지 확인해 주세요.']"
"['2016.9월에 제조된 티비입니다', '어느날부터 초록색선이 한줄 보이는데고장인가요?', 'AS받을경우 비용도 궁금합니다']","['해당 증상이 모든 채널에서 보여진다면 엔지니어의 제품 점검이 필요하며채널마다 다르게 생길 경우 방송국에서 제작하는 방송 프로그램에 따라서 발생할 수 있으므로 해당 통신사를 통해 점검이 필요합니다.', '추가로 영상 테스트자가 진단 시 정상으로 잘 보인다면 제품상의 문제가 아닌 주변기기 및 신호 문제로 의심되며테스트자가 진단 시에도 동일하다면 제품 점검이 필요합니다.', '영상 테스트 방법은 제품에 따라 설정이 다른 부분으로 설명서 또는 아래 URL을 통해 참고해 주시기 바랍니다.']"
"['오늘 엘지 그램 16을 프리도스 제품으로 구입했습니다.', '그래서 유튜브에 나온 영상 그대로 따라하면서 윈도우 10을 설치하고 엘지 DNA 드라이버 설치를 계속 진행 했습니다.', '그런데 자동으로 껐다 켜졌다 하는 과정에서 블루 스크린이 뜨고 그 이후로는 아직 설치할 드라이브만 남아있다는 안내창만 뜨고 확인을 누르니까 아무것도 안 떠요', '어떻게 해야할까요????', '그리고 키보드가 이상해요 화면 밝기나 소리 조절이 키보드를 통해 조절이 안되고 계속 다른게 인식되는거 같아요.', '예를들어 F10이 ESC 역할을 한다던가??', '도와주세요', '노트북 처음 샀는데 너무 당황 스러워요']","['문의하신 증상은 윈도우가 정상 설치 안 되어 나오는 증상일 수 있어윈도우 설치를 다시 한번 진행해 보시기 바랍니다.', '정상적으로 윈도우가 설치되었다면 LG DNA CENTER PLUS 프로그램을 실행하면 드라이버는 자동으로 설치 진행됩니다.']"
"['저는 티비프로를 보는것보다 유튜브보는게 더 좋아서티비로 유튜브 보니까 티비가 안켜지는거에요', '왜이러는지 모르겠는데 이제 엄마 다시는 티비로 유튜브보지말라는거에요', '전에는 안그랬는데 갑자기 그러니깐당황스러웠고 짜증나기도 했어요', '이거진짜 어떡해야될까요', '우리집티비는 엘지티비고 내공 100 겁니다', '내공냠냠하면바로신고함']","['전원 케이블 연결 상태가 안 좋거나 콘센트가 헐겁게 장착되어 있는 경우 전원이 안 들어 올 수 있습니다.전원코드를 분리 후 다른 콘센트로 재연결 해주시고 TV 뒷면 전원 케이블이 정상적으로 연결되어 있는지 확인해 주세요.', '조치 후 동일하다면 전문 엔지니어의 정확한 점검이 필요합니다.']"
"['20년 5월에 이사하면서 직구로 구입한 LG TV 수리비 많이 나올까요?', '주말에 본가 다녀와서 TV켰는데 화면 3분의1 지점에 세로로 노란줄이 나오는데 패널 수리해야하는 걸까요?', '직구로 구입한거라 무상1년도 지났고.']","['해당 증상이 모든 채널에서 보여진다면 엔지니어의 제품 점검이 필요하며채널마다 다르게 생길 경우 방송국에서 제작하는 방송 프로그램에 따라서 발생할 수 있으므로 해당 통신사를 통해 점검이 필요합니다.', '영상 테스트에서도 동일한 증상이라면 서비스를 신청하시어전문 엔지니어의 점검과 상담을 나누어 주시기 바랍니다.']"
"['안녕하십니까?', '글 읽어주셔서 감사드립니다.', '저번에 한번 그램 팬이 돌아가는 소리가 심하여 질문을 올렸던 사람입니다.', '저번에 답변주셨던 분들의 글을 참고하여 금일 서비스 센터에 방문하여 팬을 교환하였으나집에 복귀한 후 지금 그램을 다시 기동하고 있는데 팬이 돌아가는 소리가 심합니다.', '이에 어떻게 대처를 해야할지 여쭤봅니다.', '소리가 너무 심하여 도서관에 들고갈 수 없을 정도입니다.']","['해당 내용에 대해 자세한 확인 및 안내드리고자 합니다.', 'LG전자 홈페이지 게시판으로 글을 남겨주시면 상세한 안내 및 도움드리겠습니다.']"
"['LG THINQ TV갑자기 미러링이 안되요.', '왜그러죠', '핸드폰에서 잡히지 않아요?']",[]
"['LG전자 고객도우미 회신 기다립니다', '거실TV는 OLED55C9FNA 입니다.', '아래 리모컨이 들어있었습니다. 고무로 된 버튼이 참 누르기 불편하고 잘 눌러지지도 않는데요.', '방향키 오른쪽이', '고장났습니다.', '건전지 교환해도 안먹습니다.', '검색해보니 리모컨은 수리가 안되고 교체 해야 한다고 하군요.', '그래서 검색을 하던 중 이하 리모컨을 발견했습니다.', '넷플릭스 디즈니플러스 단축키가 있고 버튼이 잘 될듯하여 괜찮아 보였는데요.', '대응 가능 TV모델명을 검색해 봤는데 OLED55C9FNA가 없었습니다.', '질문입니다.', '1. OLED55C9FNA에는 호환이 안되는 것인가요?', '2. OLED55C9FNA에 추천 가능하신 버튼 편한 최신 리모컨은 어떤것이 있을지요?', '감사합니다.']","['리모컨의 건전지 교체 후에도 다른 버튼은 잘 되는데 오른쪽 방향키만 작동이 되지 않는다면 버튼 주변에 이물 및 끈적임은 없는지 확인이 필요하며 리모컨 고장인 경우 별도 구매가 필요합니다.', '해당 모델의 경우 AKB75675306 리모컨 구입이 가능하며대치 상품으로 이용 가능한 리모컨은 AKB75675304 로 확인되나첨부해주신 리모컨은 이용이 어려운 것으로 보입니다.', '아래 URL을 통해 상품번호 검색시 리모컨 구입이 가능하오니 참고해 주세요.']"
"['구매한지 1년이 다되어가는데 언젠가부터 화면이 이상하다는걸느꼈는데 껐다켜서다시보곤했는데 요즘 다시켜도 계속 나오네요.', '수리불러야겠죠?', '1년안됐음', '무상수리인가요?']","['해당 증상이 모든 채널에서 보여진다면 엔지니어의 제품 점검이 필요하며채널마다 다르게 생길 경우 방송국에서 제작하는 방송 프로그램에 따라서 발생할 수 있으므로 해당 통신사를 통해 점검이 필요합니다.', '추가로 영상 테스트자가 진단 시 정상으로 잘 보인다면 제품상의 문제가 아닌 주변기기 및 신호 문제로 의심되며테스트자가 진단 시에도 동일하다면 제품 점검이 필요합니다.', '영상 테스트 방법은 제품에 따라 설정이 다른 부분으로 설명서 또는 아래 URL을 통해 참고해 주시기 바랍니다.']"
"['그램노트북을 사용하고 있습니다', '윈도우 11 업데이트 하면 언더바에 와이파이 소리 배터리가 표시되는데 그걸 눌러서 소리를 조절하잖아요', '근데 소리', '볼륨 키를 높이거나 줄여도 자기 혼자 원래 볼륨으로 돌아갑니다', '처음엔 잘 조절됬는데 컴퓨터를 다시 켜고 꺼도 이러니깐 미칠 것 같아요', '도와주세요']","['아래와 같이 사운드 드라이버 제거 후 재설치 진행해 보시기 바랍니다.', '시작 아이콘 우 클릭장치 관리자사운드 비디오 및 게임 컨트롤러 더블클릭 CONEXANT HD AUDIO SYNAPTICS SMARTAUDIO HD REALTEK HD AUDIO HIGH DEFINITION AUDIO 등모델에 따라 다릅니다.', '항목 마우스 우 클릭 디바이스 제거팝업창에서 이 장치의 소프트웨어를 삭제합니다', '체크 박스란이 있다면 체크하고 제거 후 재부팅 노트북 구매할 때 WINDOWS가 포함된 제품은 LG UPDATE CENTER를 WINDOWS가 포함되지 않은 제품은 LG DNA CENTER PLUS를 실행하고제거된 사운드 드라이버 설치 후 재부팅하여 확인 부탁드립니다.']"
['여기서 고쳐야 되는것이 있나요?'],"['해당 내용은 자사의 기술 정보도 포함되어 있으며 자가 수리는 안전과도 연계된 부분으로 안내드리기 어려운 점 양해 부탁드립니다.', '제품 수리가 필요한 경우 서비스를 신청하시어 전문 엔지니어를 통해 점검 및 조치를 받아주시기 권장드립니다.']"
"['10월 6일 LG 물류센터에서 안마의자를 배송 받았는데 도착해 보니 어께부분에 페인트 까임과 가', '죽부분이 스크레치가 생겨서 문의를 했거든요', '그랬더니 배송기사와 합의를 보라고 하더군요', '상담직원은 그래서 배송기사와 이야기 하는데 부품을 통체로 갈아야 한다고 해서 가격을 알려달라고 했는데 답장이 12월쯤 오더라구요', '그래서 교채해달라 문자로 남겼거든요', '그 뒤로 아무런 대꾸가 없는겁니다.', '배송당시 사진은 적제 해놓은 사진만 문자로 갖고 있습니다.', '기사님이 촬영한 사진이죠 ..', '손해 배상청구를 하고 싶은데 무슨 방법이 있을까요 ?']",['서비스 이용에 불편을 드린 점 사과드리며 아래의 게시판으로 전화번호제품 구입 및 서비스 접수시 연락처 성명과 함께 네이버지식인에 문의주신 게시글을 남겨주시면담당부서를 통해 빠른 점검과 문제점을 지원해드리고자 합니다.']
"['이것도 블랙아웃현상이라고 하는지는 잘 모르겠는데...', '2020 그램을 사고 윈도우 11으로 업데이트를 12월 15일에 했습니다...', '전원을 나중에 끈다는 알림을 준다고 해서 계속 사용을 했고 이후 12월 16일에 제가 사용하지 않을 때 .NET FRAMEWORK 3.5및4.8누적 업데이트를 했었나 봅니다..', '그 이후부터 이런 현상이 나기 시작했습니다', '처음 이 현상이 발견된 후 컴퓨터를 껐다 키니 괜찮아져 사용을 하다가 12월 17일에 업데이트를 하며 다시시작한 후에 또 이런 일이 발생하여 또 껐다 켰습니다...', '지금까지 조금 창을 두 개 띄워놓는다던지 하면 글자가 흔들리는 현상과 많이 창을 띄우게 되면 블랙아웃 현상이 나타납니다...', '오늘 특히 심해져서 마우스를 왔다갔다하면 두 현상이 나타납니다', '계속 껐다 키는 게 맞는 방법일까요...?', '저는 밤에 컴퓨터로 유튜브 노래를 틀고 자서 컴퓨터가 밤에 언제 꺼지는지는 모릅니다...', '혹시 이것 때문인지도 궁금합니다']","['윈도우 10 사용 시에 정상이었다면 11 업데이트 오류로 예상됩니다.', '그래픽 드라이버 업데이트 진행해 보시기 바랍니다.', '1. 시작 버튼에서 마우스 우 클릭장치 관리자 클릭디스플레이 어댑터 더블 클릭 INTEL 항목 마우스 우 클릭하여 디바이스 제거 팝업창에서 이 장치의 소프트웨어를 삭제합니다', '체크 박스란이 있다면 체크하고 제거입니다.', '2. 재부팅하여 처음 구매할 당시 WINDOWS가 포함된 제품은 LG UPDATE CENTER를 WINDOWS가 포함되지 않은 제품은 LG DNA CENTER PLUS 프로그램을 실행하여 삭제된 그래픽 드라이버를 설치한 후 확인해 주세요.']"
"['사진과 같이 스크린 오른쪽하단 빛번짐과 스크린 하단부 전체에렌즈 테두리부분이 투사되어 나옵니다.', '어떻게 수리할수있나요?']","['첨부해주신 사진 확인시 제품 점검이 필요합니다.', '엔진 교체 수리', '가 에상되나 제품의 정확한 진단 및 조치는 제품 점검 후 엔지니어를 통해 안내 가능한 부분으로 서비스를 신청하시어 점검과 상세 안내를 받아 주시기 바랍니다.']"
"['86UM8070PUA LG TV직구 스피커 AUX로 연결해서 듣고 싶은데 AUX가 없네요', '다른 방법이 있나요??']","['문의주신 내용에 추가 확인시 정정된 부분이 있어 재답변 드립니다.', '첨부', '해주신 사진 확인시 광 음성 출력 단자 밖에 없는 것으로 확인 됩니다.', '아날로그 음성 출력 단자 미지원이외 스테레오 케이블 연결 단자는 지원하고 있지 않습니다.', '단자가 없다면 연결 사용이 어려우며 컨버터와 같은 외부 기기 호환 여부에 대해서는 확인 및 안내 드리기 어려운 점 양해부탁드립니다.']"
"['안녕하세요', '현재 LG전자에서 나온 탭북 중 11T740GT50K 모델을 사용하고 있습니다.', '밑 사진과 같이 저런 경우 수리 비용이 얼마 정도 나올까요?', '이 부분 이외의 하자는 없습니다.', '빠른 답변 해주시면 감사하겠습니다.']","['문의하신 수리비는 모델에 따른 부품 수리 범위 수리 난이도 등 종합적인 요소를 고려하여 책정되는 부분으로 엔지니어가 직접 제품 상태를 확인 후 안내 가능한 점 양해 부탁드립니다.', '번거로우시겠지만 가까운 서비스 센터 방문하시어전문 엔지니어를 통해 점검 및 정확한 상담 나눠 보시기 바랍니다.']"
"['예전에 다음이내 네이버같은 자주쓰는 인터넷사이트 홈화면에 추가해서 썼는데요.', '다시 추가하고 싶은 사이트가 있어서 방법을 찾아보니 아무리해도 모르겠습니다.', '홈화면 편집에서 삭제나 순서변경은 가능한데.', '인터넷 즐겨찾기 추가말고 홈화면에 추가하는 방법아시는 분있으시면 꼭 가르쳐주시길 바랍니다.']","['해당 기능은 모델 및 OS에 따라 다른 부분으로정확한 모델명 확인 후 안내가 가능합니다.', '1. 리모컨의 홈 홈 목록의 하단 가장 오른쪽에 위치한 편집 모드연필모양 그림를 선택하여 앱 편집 모드로 진입 합니다.', '2. 화면의 오른쪽 항목에서 좋아하는 동영상 서비스 채널을 목록에 추가할 수 있습니다.', '만약 2018년 제품의 경우 현재 페이지를 홈 화면에 추가하거나상단의 즐겨찾기에서 추가 및 삭제가 가능합니다.', '추가로 홈에 바로가기 추가할 수 있는 갯수가 5개 까지이며5개가 꽉 차면 버튼이 표시되지 않습니다.']"
"['LG제품 OLEDTV에 인터넷통신사 셋탑연결사용중입니다', '언제부턴가 실시간시청중 간혈적으로 대중없이 순단블랙화면으로 깜빡거림이 나타나는데요', '어느날은 자주나타나고 또 몇일동안은 정상이고 반복을합니다', '통신사기사님이 오셔서 전체적인 인터넷선로점검은 문제없다하시고요', 'HDMI포트변경 HDMI2.0 케이블교체 셋탑교체 인터넷배선점검 장비교체도 다했는데요', 'HDCP설정호환문제일수도 있다고 설정변경도했습니다 그래도 동일문제가 발생하는데요', '게임기 닌텐도와 플스는 그증상이 나타나질않아요', '물론 엘지TV기사님도 오셔서 영상테스트등 점검하시더니 TV문제아니라고하시고요', '답답해서 질문드려요', '확인해볼방법이 있을까요?', 'TV와 통신사셋탑중 어느쪽문제일까요?', '혹시 TV에 닌텐도 플스 셋탑 HDMI연결된상태에서 외부입력변경하면서 사용중인데 충돌같은게 일어날수도있나요?', '답변부탁드립니다']","['통신사 및 제품 점검 후에도 동일한 증상으로 불편이 크셨으리라 생각됩니다.', '아래의 게시판으로 제품 모델명과 전화번호서비스 접수시 연락처 성명과 함께 네이버지식인에 문의주신 게시글을 남겨주시면담당부서를 통해 빠른 점검 및 문제점을 지원해드리고자 합니다.']"
"['LG전자에서 티비설치하러 오셨습니다', '안방에 설치하고싶어 위치정하고 두드려보시더니 석고네 하시더니 일단 뚫었습니다', '근데 뚫고 나서 여기에는 설치 안된다고 하시는데 결국 다른데 달았습니다', '그럼 저거 뚫어놓은건 보상 못받나요?', '제가 억지로 뚫어달란것도 아니였고 저는 저기에다 하고싶어서 해달라고 하고 거실에 나와있었습다']",['서비스 이용에 불편을 드린 점 사과드리며 아래의 게시판으로 전화번호제품 구입시 연락처 성명과 함께 네이버지식인에 문의주신 게시글을 남겨주시면담당부서가 빠른 방문을 통해 점검하고 문제점을 해결지원해드리고자 합니다.']
"['안녕하세요', '현재 LG전자에서 나온 탭북 중 11T740GT50K 모델을 사용하고 있습니다.', '밑 사진과 같이 저런 경우 수리 비용이 얼마 정도 나올까요?', '이 부분 이외의 하자는 없습니다.', '빠른 답변 해주시면 감사하겠습니다.']","['문의하신 수리비는 모델에 따른 부품 수리 범위 수리 난이도 등 종합적인 요소를 고려하여 책정되는 부분으로 엔지니어가 직접 제품 상태를 확인 후 안내 가능한 점 양해 부탁드립니다.', '번거로우시겠지만 가까운 서비스 센터 방문하시어전문 엔지니어를 통해 점검 및 정확한 상담 나눠 보시기 바랍니다.']"
"['티비로 디즈니 플러스 볼려고 하는데 업데이트 하라더니 업데이가 안되서 짜증나서 지웠다가 다시 깔려고 지웠더니 일시적인 오류라며 설치도 안되요', '초기화도 시키고 전원도 뽑아봤다가 업데이트를 시켜보라는말도 있길래 봤더니 업데이트 다 되어있고국가?를 기타말고 미국으로 바꾸라는데 미국은 없고.티비로 디즈니 플러스 볼수있는방법 없나요.']",['만약 해외향을 로컬 변경한 제품이라면콘텐츠 앱 및 한국형 애플리케이션 사용이 제한 됩니다.']
"['로그인 핀번호를 틀린적이 없는데 자꾸 이런 식으로 뜨고 인터넷에 찾아본 방법들도 사용할 수가 없는 상황입니다', '어떻게 해야하나요', '저 초록색 글씨 링크를 타고 가서 하라는대로 따라하면 두 번째 사진처럼 뜹니다']","['MICROSOFT 앱 또는 사이트에 로그인되어 있는 사용자와 현재 사용자의 정보가 다를 때 나타날 수 있는 에러로 보입니다.', '시작 아이콘 클릭 설정 계정 사용자 정보에서 MICROSOFT 앱에 로그인 중지 항목이 보이면 중지를 선택해 주시고 회사 또는 학교 사용자 기타 사용자 항목에도 연결 혹은 로그인되어 있으면 모두 연결 끊기나 로그아웃 후 다시 시도해 주시어 확인 부탁드립니다.', '위와 같이 조치한 후에도 동일하다면 제품 확인 후 조치가 필요한 부분으로서비스 예약 후 방문해 주시면 엔지니어가 점검 후 자세한 안내 및 조치 도와드리겠습니다.']"
"['LG 모니터이고 5년 넘었습니다.', '현상이 말그대로 전원이 그냥 나갑니다.', '코드를 꼽으면 전원이 들어옵니다.', '이후 시간이 지나면 전원이 다시 나가는데 이렇게 꺼지면 모니터 전원ON.OFF버튼 그리고 뒤쪽 전원케이블 두가지 방법으로도 켜지지 않고 오직 멀티탭 코드를 뽑았다 끼어야만 다시 전원이 들어옵니다.', '중요한건 다시 얼마 후 전원이 나갑니다...', '몇번 반복하다보면 꺼지는 주기도 짧아지고 뽑았다 꼽아도 안켜질때가 있습니다.', '혹시 멀티탭 문제인가하고 본체와 코드 자리를 바꿔봤는데 둘다 문제 없이 잘 켜져있길래 그냥 둬봤던 한참 뒤에 모니터만 다시 나가더라구요.', '멀티탭 본체의 문제가 아닌 것 같은데 아시는 분있나요?', '신호없음 이런게 아닌 전원 자체가 나가는 것이고오직 코드를 다시 끼우는 것만으로 다시 켜진다는게 무슨 현상인지 궁금하네요', '픽셀관련해서 수명가서 버려보긴했는데..', '추가로 모니터 스위칭케이블을 꼽았다 빼도되네요..', '모니터에 직접 꽂는 케이블로는 안켜집니다']","['사용 중 전원이 꺼진다면 모니터 문제로 보입니다.', '해당 증상의 원인 파악 및 조치 방법에 대한 안내는엔지니어가 직접 점검 후 가능한 점 양해 부탁드리며서비스 예약 후 방문해 주시면 엔지니어가 자세한 안내 및 조치 도와드리겠습니다.']"
"['LG 트윈워시 세탁기를 사용중인데 하단의 미니워시 전원저튼이랑 모드선택버튼 다 작동하는데 동작버튼만 안눌러져요', '버튼불량인지..', '일단 세탁기라도 쓸수있게 핸드폰으로 미니워시 조작은 안될까요?', 'WIFI 표시가 없어 핸드폰으로도 작동 안되요']","['기능 조작부 내부 습기 등에 의해 오동작 등이 발생할 수도 있으며이 경우 자가조치 해볼 수 있는 방법으로는 세탁기의 전원코드를 빼내고 드라이기를 이용해 기능 조작부를 냉풍으로 말려 보시는 것 입니다.', '온풍 시에는 일정 거리약 한뼘을 유지하여 말려주세요.', '안내드린 방법으로 조치 후에도 동일하다면 제품 점검이 필요한 부분으로서비스 예약 해 주시면 엔지니어가 방문하여 점검 및 안내 도와드리겠습니다.']"
"['분명히 잘 됐었는데 코드를 잠깐 뺐다가 다시 낀 이후로 안돼요', '처음 5분정도는 멀쩡하다가 그 다음부터는 냉수버튼 깜빡이면서 띠딩띠딩 소리 나면서 버튼이 먹통이 되네요', 'AS 불러보긴 할건데 그 전에 해결할 수 있으면 해서요..']","['해당 증상의 경우 전원 ON OFF 한 뒤 동일한 증상이라면 제품 점검이 필요합니다.', '제품의 정확한 진단 및 조치는 제품 점검 후엔지니어를 통해 안내 가능한 부분으로 서비스를 신청하시어점검과 상세 안내를 받아 주시기 바랍니다.']"
"['LG엑스피온 V220LH10K인데요', '컴퓨터 부팅시 항상 그러는건 아니고잘 되다가 진짜 갑자기 화면이 깨지면서 큰 소리로기계음이 나요...', '깜짝깜짝 놀램원래 안 그랬는데 2개월 전 쯤부터 그러더니점점 빈도가 늘어나네요...', '화면 깨질 때는 뭐랄까 글자도 깨지고글리치?', '같이 자홍색이나 초록색으로 깨지고...아무 소리 안 날때는 기계음도 안 나는데노래 틀어놓거나 하면 디디디딕 거리면서 기계음이 나는데대체 왜 그럴까요...', '항상 그러면 어디가 고장난건지대충 예상이라도 해보겠는데갑자기 불특정한 상황에서 그러니까 도통 알 수가 없네요']","['소음은 사운드 드라이버 제거 후 재설치 진행해 보시기 바랍니다.', '1. 시작 아이콘 우 클릭장치 관리자사운드 비디오 및 게임 컨트롤러 더블클릭 REALTEK HD AUDIO 항목 마우스 우 클릭 디바이스 제거팝업창에서 이 장치의 소프트웨어를 삭제합니다', '체크 박스란이 있다면 체크하고 제거 후 재부팅2. LG UPDATE CENTER를 실행하여 삭제된 사운드 드라이버 설치 후 재부팅하여 확인 부탁드립니다.', '위와 같이 조치하여도 소음과 화면 깨짐', '증상이 발생한다면 제품 문제인지 확인을 위해 점검이 필요해 보입니다', '정확한 원인 및 조치 방법은 제품 점검 후 안내 가능한 점 양해 부탁드리며서비스 예약 후 방문해 주시면 엔지니어가 자세한 안내 및 조치 도와드리겠습니다.']"
"['외국에 살다보니 국내 서비스를 받지 못하여 답답하네요', '통돌이 세탁기인데 세탁 과정에서 통도 안 돌고 회전판도 안 도는 현상.이곳 기술자들이 한 달 째 고치지 못하여 문의합니다', 'CLUTCH HOUSING ASSEMBLY를 모두 바꾸어보아도 린스 탈수때는 통이 돌아가는데 세탁과정에서는 안 돌아갑니다.', '답변을 주실 수 있겠습니까?', '혹시 회전 날개판이', '나 WASHER 또는 PIVOT 연결 BOLT가 마모되면 이런 문제가 생길 수 있을런지요.', '전문가님들의 고견을 기다리겠습니다']","['해당 내용에 대해 자세한 확인 및 안내 드리고자 합니다.', 'LG전자 홈페이지 게시판으로 글을 남겨주시면 상세한 안내 및 도움드리겠습니다.']"
"['외국에 살다보니 국내 서비스를 받지 못하여 답답하네요', '통돌이 세탁기인데 세탁 과정에서 통도 안 돌고 회전판도 안 도는 현상.이곳 기술자들이 한 달 째 고치지 못하여 문의합니다', 'CLUTCH HOUSING ASSEMBLY를 모두 바꾸어보아도 린스 탈수때는 통이 돌아가는데 세탁과정에서는 안 돌아갑니다.', '답변을 주실 수 있겠습니까?', '혹시 회전 날개판이', '나 WASHER 또는 PIVOT 연결 BOLT가 마모되면 이런 문제가 생길 수 있을런지요.', '전문가님들의 고견을 기다리겠습니다']","['해당 내용에 대해 자세한 확인 및 안내 드리고자 합니다.', 'LG전자 홈페이지 게시판으로 글을 남겨주시면 상세한 안내 및 도움드리겠습니다.']"
"['그램 놑북 쓰고있는데 롤 다운로드가 안돼요', '왜그런거죠', '용량이 부족한 것도 아니고 노트북에 깔려있는게 하나도 없는데 롤 깔려면 업데이트를 하라고 뜨는데 업데이트도 진짜 거의 뭐 2주 내내 61에서 멈춰서 안깔려요', '어떻게 하는거죠...', '저 롤 해보고시퍼요...']","['해당 오류는 구체적인 제품 사용 환경 확인이 필요하여 엔지니어 점검이 필요해 보입니다.', '정확한 원인 및 조치 방법은 제품 점검 후 안내 가능한 점 양해 부탁드리며서비스 예약 후 방문해 주시면 엔지니어가 자세한 안내 및 조치 도와드리겠습니다.']"
"['넷플릭스 실행이 안되어서 앱삭제하고 다시 다운받으려고엘지콘텐츠 스토어 접속하니 콘텐츠 이용불가 콘텐츠가 없습니다라고 뜨네요', '지난주까지만해도 저렇게 사용했는데 왜이러는거죠?']","['해당 증상의 경우 일시적인 네트워크 문제에 의한 디바이스 인증 실패로전원을 껏다 켜보고', '증상이 동일한 경우 전원 코드 분리 후 재연결하여 확인이 필요합니다.', '만약 전원코드 까지 리셋 후에도 불편이 지속된다면발생 날짜와 시간 제품 정보 확인이 필요합니다.', '번거롭겠지만 아래 경로를 통해 MAC 주소와 시리얼 번호 등아래 내용에 대해 추가 확인을 부탁드립니다.', '1. TV 모델명2. 유선 MAC 주소 설정 전체설정 일반 고객지원 TV정보 MAC 주소3. 현상 발생 시간 및 날짜4. 현상에 대한 최대한 상세한 내용']"
"['백화점에서 구입한지 일주일 입니다.', '어떤날은 이런 소리가 나고 어떤날은 안날때도 있습니다.', '혹시 이 티비 쓰시는 분도 켤때 이런소리가 날까요??']","['해당 증상의 경우 제품 및 사용환경 점검이 필요한 것으로 보입니다.', '제품의 정확한 진단 및 조치는 제품 점검 후엔지니어를 통해 안내 가능한 부분으로 서비스를 신청하시어점검과 상세 안내를 받아 주시기 바랍니다.']"
"['배터리가 방전되어 자체 수리를 하려고 합니다.', '혹시 15ZD970GX7YL에 호환되는 배터리 품명을 질의드립니다.', '빠른 답변 부탁드려요']",['문의 모델의 배터리는 내장형으로 엔지니어 통하여 배터리 교체 수리로 진행이 되고 있어 문의하신 부분에 도움을 드리지 못하는 점 양해 부탁드립니다.']
"['LG 워시타워 드럼세탁기 세제랑 섬유유연제 넣고 돌리는데 무게 재는 도중 헹굼', '추가 안한게 생각나서 껐다가 다시 켜서 돌리려고 하는데 세제칸 열어보니 세제가 빠져나가있어요..........', '세제가 이미 투입된건가요?.?', '세제 다시 넣고 해야하는건가요?', '한 2분?', '정도 있다가 껐다', '킨건데 우째야하나요.......', '아 그리고 제가 힘조절 잘못해서 세제가 MAX까지 꽉 찼었어요........... 이것도 괜찮은지 알려주세요']","['드럼 세탁기의 세제 및 섬유유연제의 투입 방법은 사이펀 현상을 이용한 원리 입니다.', '사이펀 현상은 높은 곳에 있는 액체를 압력차를 이용해 위로 끌어올렸다가 중력에 의해낮은 곳으로 옮겨지는 것으로 화장실의 양변기도 이 원리를 이용하는 것 입니다.', '이러한 원리를 이용하여 드럼 세탁기의 세제는 급수되는 물과 함께 투입되는 구조로액체 세제는 세탁 직전 투입 후 바로 세탁해 주시길 권장하고 있습니다.', '헹굼', '옵션을 추가하기 위해 동작을 멈췄다면 세제는 추가로 넣어주시지 않아도 되며투입된 세제의 양이 많다면 헹굼을 충분히 추가하여 사용해 보시기 바랍니다.', '참고로 섬유유연제의 경우 급수되는 도중에 세제통을 열게 되면 급수되는 물이 섬유유연제 칸으로 떨어져 조기 투입될 수 있으니 섬유유연제 사용시에는 세제통을 급수 도중에 여는 일이 없도록 주의해 주시기 바랍니다.']"
"['안녕하세요?', 'LG워시타워 W17KT 모델을 한달전쯤 구매하고 사용중입니다.', '항상 사용법대로 첫번째 필터는 매회 건조시마다 세척 및 건조 후 사용 중이며두번째 필터는 10회 건조시마다 세척 및 건조 후 사용 중입니다.빨래감도 크기별 종류별 구별하여 건조기에 넣고 사용중이며 추가로 아우라 시트만 사용중입니다.', '또 건조후에 항상 건조기문을 열어놓습니다.', '문제가 될만하게 사용한적은 없는데...', '한달정도 사용을 해서 세탁기 및 건조기를 통세척 하였습니다.', '그런데 건조기 통세척 후 건조기문을 열었더니 사진과 같이 얼룩이 엄청나게 생겨 있습니다.', '얼룩이 물에의한 단순얼룩같진 않고..', '아우라 시트의 왁스??', '그런 잔여성분인지..', '이게 무슨얼룩인지도 모르겠고..', '고장이난건지 아니면 정상적인지 판단이 되질 않아 질문을 남겨 봅니다.']","['제품 설치장소의 수도 환경에 따라 통드럼 내부에 자국이 발생할 수 있으나통살균 시 마다 얼룩이 계속 보인다면 제품 점검이 필요해 보입니다.', '서비스 예약 해 주시면 엔지니어가 방문 드려 점검 및 안내 도와드리겠습니다.']"
"['일주일 전쯤 야마하 YAS109 사운드바를 구매해 LG티비에 HDMI ARC 단자를 이용해 사용하고 있었습니다.', '어제까지도 멀쩡하게 소리도 잘 나오고 심플링크 연동도 잘 된 채 사용하고 있었는데 오늘 아침에 티비를 트니 소리가 나오지 않고 볼륨 조절을 하려고 하니 표시만 나옵니다.', '사운드바를 휴대전화에 블루투스 연결을 시켜 사용해보니 사운드는 잘 나오는데 티비에 연결만 하면 소리가 안 나옵니다.', '티비와 스피커 모두 전원도 껏다 켜 보았고 연결도 다시 해 보았습니다.', '티비 설정에서는 잘 연결 되어 있는데 소리가 나오지 않는 이유는 뭘까요']","['HDMI 케이블로 사운드바의 HDMI 출력 TV EARCARC 단자와 TV의 HDMI IN ARC 단자를 연결 후 사운드바의 기능 선택을 TV와의 연결 상태로 변경해 줍니다.', '또한 TV 설정 전체 설정 음향 메뉴에서 출력 스피커 선택 항목을', '선택 및 디지털 음향 출력을 자동으로 선택 해 줍니다.']"
"['LG그램 액정이 깨져서 화면이 안 들어와요.', '깨진 직후엔 지직 거리면서 들어왔는데 이젠 아예 안 들어오네요..', '액정 문제인가요', '아님 메인보드 문제인가요?', '액정 메인보드 각 수리비는 얼마정도 드나요?']","['해당 증상이 액정 문제인지 메인보드 문제인지는 엔지니어가 제품을 직접 점검 후 안내 가능한 점 양해 부탁드리며수리비는 모델에 따른 부품 수리 범위 수리 난이도 등 종합적인 요소를 고려하여 책정되는 부분으로 제품 상태를 확인 후 안내드리고 있습니다.', '서비스 예약 후 방문해 주시면 엔지니어가 점검 후 자세한 안내 및 조치 도와드리겠습니다.']"
"['티비는 삼성50인치이구요', '사운드바는 LG입니다', '사운드바애 셋탑기능이 탑재되있는거구요', '지금 상태는 티비를 켜놓고 플스를 켜면 사운드바에선 티비소리가 티비에서는 플스소리가 나는데 연결하는법이있나요?']","['사용하고 계시는 사운드바의 모델명이 확인되지 않아 개괄적인 안내 드립니다.', '게임기 뒷면의 HDMI 출력 포트와 사운드바의 HDMI1 또는 HDMI2 입력 포트를 HDMI 케이블로 연결해 주세요.', '사운드바 뒷면의 HDMI 출력TV EARCARC 포트와 TV의 HDMI INARC 포트를 HDMI 케이블로 연결해 주세요.', '사운드바의 F기능 선택 버튼을 반복해서 눌러 표시부의 HDMI1 또는 HDMI2 기능을 선택해 주세요.', '사운드바 표시창에 선택된 HDMI 모드가 표시되며 사운드가 출력됩니다.', '관련하여 사용중이신 사운드바 사용설명서 외부기기와 연결하여 사용하기 편을 참고해 주세요.']"
"['충전기를 꽃았는데도 계속 이렇게 나와유..', '꺼지진 않는데 왜이러는 거죠..?', 'LG 노트북입니다!']","['첨부해 주신 사진 확인 시 충전이 안 되는 것으로 보입니다.', '어댑터 분리 후 전원 버튼을 10초 이상 눌러 완전히 끄고 부팅하여 다시 한번 확인 하시고어댑터를 분리했을 때 노트북이 꺼진다면 엔지니어 점검이 필요합니다.', '위와 같이 조치한 후에도 동일하다면 배터리 및 어댑터 노트북 문제인지 확인을 위해서비스 예약 후 방문해 주시면 엔지니어가 점검 후 자세한 안내 및 조치 도와드리겠습니다.', '방문 시 어댑터 지참 후 방문하시기 바랍니다.']"
"['LG 노트북 이용중인데 인터넷 연결이 안돼요', '해결하는 방법이 있나요?', '도와주세요']","['아래 내용대로 진행해 주시기 바랍니다.', '무선 연결1. 키보드 FNF6을 눌러 비행기 모드 끄기를 해주세요.', '2. 작업 표시줄 시작 버튼을 마우스 오른쪽 버튼을 클릭 후 장치 관리자를 선택해 주세요.', '3. 장치 관리자네트워크 어댑터 더블 클릭INTEL 또는 QUALCOMM 무선랜 장치를 선택 후 마우스 오른쪽 버튼을 클릭하여 디바이', '스 제거 항목을 클릭해주세요.', '무선랜 장치 이름은 모델에 따라 다르게 보일 수 있으며 WIRELESS나 WIFI으로 구분하시면 됩니다.', '디바이스 제거 시 이 장치의 드라이버 소프트웨어를 삭제합니다 항목에서 체크를 해제해 주시고 제거 버튼을 클릭해 주세요.', '4. 바탕화면 좌측 하단 시작전원다시 시작으로 재부팅 한 후 공유기 연결하여 무선 인터넷이 잘 되는지 확인해 주세요.']"
"['소리가 자꾸 커졌다 작아졌다해요', '근데 이게 사람말소리는 그대로인데 BGM으로 깔리는 음악소리가 커졌다 작아졌다해요', '리모컨으로 맞춰놓은 음량은 그대로 입니다.', '대체 뭘 해야 돌아올까요..']","['배경 소리가 커졌다 작아졌다 한다면 TV 리모컨의 설정 전체설정 음향 음량 모드에서 자동음량 기능이', 'ON 되어 있다면 OFF 및 음향 모드 설정에서 클리어보이스로 선택 후 사용해 보시기 바랍니다.']"
"['이번에 LG OLED77 C1 QNB 모델을 구매했습니다.', '화질 및 음질 향상돌비 비전 애트모스을 위해 기존에 있던 LG 유플러스 IPTV에서 업그레이드 하여 사운드바 블랙으로 변경을 하였고요.', '넷플릭스 등 고화질 영상 시청시 화질 음향은 정말 만족스럽더군요.', '다만 아쉬운 점은 일반 방송 특히 SPOTV 같은 스포츠 채널을 시청시 화질이 많이 아쉽다는 것입니다.', '조금 과장해서 가끔 픽셀이 깨져보인다고 느껴질 정도?화면이 커져서 그런 것일까요?', '설정을 따로 바꿔줘야 할까요.', '고수님들 고견 여쭙습니다.']","['현재 대부분의 방송신호는 FULL HD급으로 같은 채널이라도 IPTV나 유선케이블 업체별로 화질 차이가 생길 수 있으며 채널 별로도 화질차이가 발생합니다.', 'TV 영상 설정의 영상테스트 TV 설정은 구입시 동봉된 TV 리모컨을 사용 화면을 보시면 깨끗한 영상을 확인하실 수 있으며 문의 내용에서 말씀하신 것 처럼 넷플릭스 앱에서 4K 영상을 검색하여 시청하셔도 깨끗한 영상을 보실 수 있습니다.', '또한 스포츠와 같이 빠른 화면에서 시청에 불편이 있으시다면 영상물의 종류에 맞는 영상 모드를 선택 후 사용해 보시기 바랍니다.', 'TV 구입 시 동봉된 리모컨의 설정 전체설정 영상 영상모드를 시네마영화에 최적화 된 화면 또는 스포츠축구공을 차거나 던지는 등의 빠른 움직임에도 선명한 화면을 구현 를 선택사용해 보시기 바랍니다.', '만일 표준 영상에서 화면을 최적화 하고 싶으시다면 영상 모드의 부가설정 빠른화면 최적화를선택하여 설정해 주시면 화면 동작의 떨림', '또는 움직임이 많은 영상을 보다 선명하게보이도록 설정하실 수 있습니다.']"
"['T20MT 통돌이 세탁기 구입한지 한달정도되는데요', '탈수할때 소리', '가 너무 크고거슬리는데 제가 예민한건지 아님 원래 이정도소리가 나는지 궁금해요', '처음에는 이정도는아니었거던요']","['탈수 동작은 세탁물을 균일하게 퍼뜨려 주는 동작을 반복적으로 진행한 후 세탁통의 회전이 점점 빨라지게 되는데 이때 세탁물이 한쪽으로 쏠리거나 수평이 맞지 않으면 소음이 발생할 수 있습니다.', '이때는 동작 일시 정지 버튼을 눌러 세탁기를 멈추고 빨랫감을 꺼내 고르게 펼쳐 정리한 다음 다시 탈수를 시작해 보시기 바랍니다.', '또한 세탁기의 수평이 맞는지 자가 확인하는 방법은 세탁기를 앞 뒤 옆으로 밀어보고흔들리는지 확인해 보는 것으로 흔들림이 느껴진다면 세탁기가 기우는 쪽을 조정해 주시는 것이 좋습니다.', '관련하여 LG전자 제품문제해결에 보다 자세히 안내되어 있으니 참고 부탁드립니다.', '탈수 시 소리가 나요']"
"['노트북 그램쓰고 있습니다', '근데 윈도우 업데이트 하라고 해서 했는데 갑자기 지문으로 로그인이 안되요', '그래서 새로 지문 등록하려는데 진짜 10분 넘게 손가락 떼고 대고 했는데도 안되네여', '어떻게 해야하나요']","['첨부해 주신 사진 확인 시 윈도우 11로 업그레이드한 것으로 보입니다.', '아래 내용대로 지문 인식 드라이버 진행해 주시기 바랍니다.', '1. 시작 버튼에서 마우스 우 클릭 장치 관리자 클릭 생체 인식 장치 FPC FINGERPRINT READER 나 GOODIX FINGERPRINT 항목 마우스 우 클릭 디바이스 제거해 주세요.', '팝업창에서 이 장치의 드라이버 소프트 웨어를 삭제합니다', '체크박스가 있다면 체크하고 제거입니다.', '2. 재부팅하여 처음 구매할 당시 WINDOWS가 포함된 제품은 LG UPDATE CENTER를WINDOWS가 포함되지 않은 제품은 LG DNA CENTER PLUS 프로그램을 실행하여 삭제된 드라이버를 설치해 주세요.', '그 후 지문 등록하여 확인 부탁드립니다.']"
"['제목대로 인데요', '이어폰 연결 하려다 장치 찾기 해도 안되서 블루투스로 연결된 걸 다 끊어야 하나 싶어서 마우스를 끊었어요.', '그리고 다시 연결 하려고 장치찾기 했는데 안됩니다.', '원래 있던 것 외에 장치제거 한 게 안 떠요.', '다른 것도 다 그렇네요.', '그래서 지금 마우스 패드로만 사용 중인데 다시 연결하려고 해요..', '해결시 채택해드릴게요']","['아래 내용대로 블루투스 드라이버 제거 후 재설치 진행해 보시기 바랍니다.', '1. 시작 아이콘 우 클릭 장치 관리자 BLUETOOTH 더블 클릭 인텔R 무선 BLUETOOTHR이나 QUALCOMM 우 클릭 디바이스 제거를 해주세요.', '팝업창에서 이 장치의 드라이버 소프트웨어를 삭제합니다.', '체크박스가 있다면 체크하고 제거입니다.', '2. 재부팅하여 처음 구매할 당시 WINDOWS가 포함된 제품은 LG UPDATE CENTER를WINDOWS가 포함되지 않은 제품은 LG DNA CENTER PLUS 프로그램을 실행하여 삭제된 블루투스 드라이버를 설치해 주세요.', '3. 재부팅 시작 설정 장치 BLUETOOTH 켬으로 하고 기기 추가하여 사용해 보세요.', '사용하는 마우스가 USB 리시버를 노트북 USB 단자에 꽂아서 사용하는 방식의 마우스라면별도 프로그램 설치 없이 사용 가능 합니다.', 'USB 리시버를 노트북의 다른 포트에 꽂아서 키보드에서 FN F5 눌러 터치패드 OFF로 하고 확인해 주세요.']"
"['처음 구입했을때부터 소음문제로 AS받다가포기하고 썼는데요', '유독 탈수시 더 심합니다여름에 사설 세탁조청소하면서사장님이 베어링에 녹이 쓸었는데그것땜에 소음은 아닐꺼라고 하셨어요', '세탁기에 아무것도 안넣고 탈수하면조용한데세탁물만 들어가면 통돌아가는소리인지엄청 시끄러워서요', '탈수시 요동을 치는건지옆에 세탁기 손잡이가 자주빠져요', 'AS를 다섯여섯번은 소음때문에 신청해서산지 1달만에 분해도 했구요', '도대체 뭐가문제일까요?', '베어링 교체하면 조용할까요?', '비용은 얼마나하나요?']","['해당 내용에 대해 자세한 확인 및 안내 드리고자 합니다.', 'LG전자 홈페이지 게시판으로 글을 남겨주시면 상세한 안내 및 도움드리겠습니다.']"
"['LG드럼 세탁기 쓰는데 말을 안들어서 보니까 DE2로 뜨는데 문을 닫으라는 문잔데 분명 잘 닫혀있는데 왜그러는 걸까요', 'AS 불러야될까요?']","['확인해 보신 바와 같이 DE2 메시지는 도어가 열려 있다는 알림으로 세탁기 문을 완전히닫지 않은 상태로 작동 시킬때 표시됩니다.', '세탁기 문을 끝까지 밀어 꽉 닫았음에도 동일한 알림이 뜬다면 제품 점검이 필요합니다.', '서비스 예약 해 주시면 엔지니어가 점검 후 자세한 안내 및 조치 도와드리겠습니다.']"
"['엘지그램 잘 사용하고있었는데 갑자기 마우스가 안돼요.', '설정에선 잘 연결되었다고 뜨는데 왜이럴까요?', '커서도 보이고 터치패드도 되는데 마우스가 갑자기 안돼요.', '전원끄고 4일정도 있어보고 유에스비도 빼봤는데 안돼요.', '무선입니다', '최근에 건전지종류를 바꿨는데 그게 원인이될수 있을까요']","['1. 키보드에서 FN F5 눌러 터치패드 OFF로 하고 확인2. USB 리시버를 노트북의 다른 위치 USB 포트에 꽂아 확인3. 해당 USB 리시버와 마우스를 다른 기기에 연결하여 테스트 부탁드립니다.', '3번으로 진행 시 다른 기기에서 동일하게 사용이 안 되면마우스 이상으로 보이기에 마우스 밑면 스티커에 기재된 서비스 상담실로 전화하시어 서비스에 대한 문의상담 나눠 보시기 바랍니다.']"
"['LG노트북 초기화 시키고 있다가 잘못해서 꺼버렸는데 계속 이런화면만 뜨네요', '어떻게 해야 될까요?']","['확인을 눌러 다시 시작이 되기 전부터 F11을 두드려 리커버리 화면으로 진입이 된다면다시 한번 진행해 보시기 바랍니다.', '리커버리로 진입이 되지 않고 동일한 오류가 발생한다면 엔지니어 점검이 필요', '해 보입니다.', '정확한 사항은 제품 점검 후 안내 가능한 부분으로 서비스 예약 후 방문해 주시면 엔지니어가 점검 후 자세한 안내 및 조치 도와드리겠습니다.']"
"['LG 그램 포맷을 하는 도중 오류가 생겨서 동영상과 같은 현상이 계속 반복되는데 어떻게 해야하나요??', '그냥 전원 버튼 길게 눌러서 꺼', '도 되나요??', '계속 저러니까 어떻게 해야할 지 모르겠어요', '제발 도와주세요']","['첨부해 주신 동영상 확인 시 시간이 지', '나도 동일하면 서비스 점검이 필요해 보입니다.', '어댑터 분리 후 전원 버튼을 10초 이상 눌러 강제 종료를 해볼 수 있지만 강제 종료 시 데이터가 손실되거나저장 장치가 손상되거나 시스템에 문제가 발생할 수 있기에 주의하시기 바랍니다.', '정확한 사항은 제품 점검 후 안내 가능한 부분으로 서비스 예약 후 방문해 주시면 엔지니어가 점검 후 자세한 안내 및 조치 도와드리겠습니다.']"
"['27GN750를 사용하고있습니다', 'PC 게임을 많이해서 헤드셋으로 게임을 진행했습니다', 'HDMI로 연결했구요', '이번에 PS5를 구매했는데 모니터가 내장스피커가 없어서 어떻게 소리를 밖으로 꺼낼지 생각하고있는데 사운드바를 하나 구매하거나 스피커를하나 구매할까합니다', '15만원 선에서 27인치랑 잘맞는 사이즈를 구매하려고하는데 어떤제품이 호환되는지 모르겠어서 문의드립니다', 'PS5는 광단자가 없어서 어떤 선을 구매해야하는지 알려주세요 !', '사운드바를 구매할떄는 어떻게해야할까요 !']",['27GN750 모니터 후면의 HP HEADPHONE 단자는 기본적으로 임피던스가 낮기에증폭 기능이 있는 외부 스피커 연결을 해보실 수 있지만 노이즈잡음 오동작이 될 수도 있습니다.사운드 바 연결 사용은 어려워 보이며 PS5에 사운드바 및 스피커를 직접 연결 가능한지 PS5 제조사로 문의를 부탁드립니다.']
['갑자기 에어컨에 이런표시가 떴는데 무슨 문제가 있는걸까요??'],"['첨부해주신 사진의 숫자 아래 모양은 예열제상 표시 입니다.', '난방 초기 제품 내부를 따뜻하게 예열하기 위한 준비과정이 필요하며 차가운 냉매로 인해 실외기 결빙을 제거 또는 방지하기 위해 제상 구간이 필요합니다.', '아래 URL을 통해 상세 내용을 참고해 주세요.']"
"['백화점에서 구입한지 일주일 입니다.', '어떤날은 이런 소리가 나고 어떤날은 안날때도 있습니다.', '혹시 이 티비 쓰시는 분도 켤때 이런소리가 날까요??']","['해당 증상의 경우 제품 및 사용환경 점검이 필요한 것으로 보입니다.', '제품의 정확한 진단 및 조치는 제품 점검 후엔지니어를 통해 안내 가능한 부분으로 서비스를 신청하시어점검과 상세 안내를 받아 주시기 바랍니다.']"
"['LG 오브제 냉장고 소음이 너무 심해요', '산지 5가월 정도 밖에 안됐는데이거 왜이런가요?']","['냉기 만드는 과정 중 모터와 팬 회전 시 해당 소음이 발생할 수 있습니다.', '냉각 모터는 냉기를 만들 때 가동되다가 냉장고 속에 어느정도 냉기가 퍼져 온도가 낮아지면 가동을 멈춥니다.', '또는 바닥이 단단하고 고르지 않은 곳에 냉장고가 설치되어 있거나냉장고의 수평이 맞지 않아 진동이 생길 때 소음이 발생할 수 있습니다.', '냉장고의 수평이 맞지 않는다면 수평을 조정해 주세요.', '조치에 어려움이 있으시거나 소음으로 불편이 크시다면서비스를 신청하시어 전문 엔지니어의 점검과 상담을 나누어 주시기 바랍니다.']"
"['이 티비의 리모컨이 사라져서 새로 사야하는데 어떤 걸 사야할까요?', '사진을 첨부하겠습니다.']",['해당 모델의 사용 가능한 리모컨 상품번호는 AKB73615318 입니다.']
"['LG TV사용중인데 오늘 갑자기 화면 하단 화면이 지직거리면서 올라옵니다.', '아이를 키우고 있어 어린이집 끝나고 집에와서 30분 양치할때 30분 하루 총 1시간 TV보는게 다인데 오늘 갑자기 이래서 당황스럽네요', '이거 서비스 외엔 방법 없는거죠?', '별로 사용도 안하는데 벌써 같은걸로 세번째 수리네요', '참나']","['해당 증상이 모든 채널에서 보여진다면 엔지니어의 제품 점검이 필요하며채널마다 다르게 생길 경우 방송국에서 제작하는 방송 프로그램에 따라서 발생할 수 있으므로 해당 통신사를 통해 점검이 필요합니다.', '추가로 영상 테스트자가 진단 시 정상으로 잘 보인다면 제품상의 문제가 아닌 주변기기 및 신호 문제로 의심되며테스트자가 진단 시에도 동일하다면 제품 점검이 필요합니다.', '영상 테스트 방법은 제품에 따라 설정이 다른 부분으로 설명서 또는 아래 URL을 통해 참고해 주시기 바랍니다.']"
['실사이즈 궁금합니다'],"['해당 모델의 규격은 다음과 같습니다.', '폭 914 높이 1860 깊이 918']"
"['얼마전에 TV를 샀는데 기사분이 블루투스TV스피커로 맞춰 놓고 가셨었는데 그 때는 소리 올릴 때 숫자가 나왔었어요.', '근데 제가 설정에서 뭘 만지다가 잘못만져서 다시 블루투스TV스피커로 해놨는데', '이렇게 소리 올릴 때 숫자가 나오지 않아서 불편해요.', '어떻게 해결하나요?']","['블루투스 TV 스피커에서는 볼륨 숫자가 나오지 않는 것은 정상 동작으로 확인됩니다.', '초기 기사가 설정했을 때는 혹시 외부 스피커 TV 스피커 상태였다면해당 상태에서는 볼륨 숫자가 나오게 되어 있습니다.', '어떤 상태로 소리를 듣는지에 따라 설정 부분이 다를 수 있으므로아래 설정 방법을 참고해 주세요.', '1. TV 스피커에서만 소리를 청취할 경우출력 스피커를 TV 스피커로 설정2. 블루투스를 연결하여 블루투스와 TV 스피커를 동시에 청취할 경우현재 출력에서 사용하는 것이 맞고 볼륨 숫자가 안 나오는 것이 정상 동작입니다.', '블루투스와 같이 사용할 때 숫자가 표시될 때 블루투스의 볼륨과 혼동될 수 있어 숫자를 표기하고 있지 않고 있습니다.', '3. 외부 스피커를 연결하지 않으며 기사가 초기에 설정한 값으로 설정하고자 하실 때숫자가 표시 되었다는 것을 보았을 때 외부 스피커 TV 스피커 였을 것으로 예상되어해당 스피커로 설정으로 하시면 될 것으로 예상됩니다.']"
"['얼마전에 TV를 샀는데 기사분이 블루투스TV스피커로 맞춰 놓고 가셨었는데 그 때는 소리 올릴 때 숫자가 나왔었어요.', '근데 제가 설정에서 뭘 만지다가 잘못만져서 다시 블루투스TV스피커로 해놨는데', '이렇게 소리 올릴 때 숫자가 나오지 않아서 불편해요.', '어떻게 해결하나요?']","['블루투스 TV 스피커에서는 볼륨 숫자가 나오지 않는 것은 정상 동작으로 확인됩니다.', '초기 기사가 설정했을 때는 혹시 외부 스피커 TV 스피커 상태였다면해당 상태에서는 볼륨 숫자가 나오게 되어 있습니다.', '어떤 상태로 소리를 듣는지에 따라 설정 부분이 다를 수 있으므로아래 설정 방법을 참고해 주세요.', '1. TV 스피커에서만 소리를 청취할 경우 출력 스피커를 TV 스피커로 설정2. 블루투스를 연결하여 블루투스와 TV 스피커를 동시에 청취할 경우 현재 출력에서 사용하는 것이 맞고 볼륨 숫자가 안 나오는 것이 정상 동작입니다.', '블루투스와 같이 사용할 때 숫자가 표시될 때 블루투스의 볼륨과 혼동될 수 있어 숫자를 표기하고 있지 않고 있습니다.', '3. 외부 스피커를 연결하지 않으며 기사가 초기에 설정한 값으로 설정하고자 하실 때 숫자가 표시 되었다는 것을 보았을 때 외부 스피커 TV 스피커 였을 것으로 예상되어 해당 스피커로 설정으로 하시면 될 것으로 예상됩니다.']"
"['2019년식이고 19년도에 키보드 A 키가 빠져서 무상으로 수리를 받았었습니다.', '지금 또 다시 A키보드가 빠지려고 하는데 수리를 받으면 아예 기판을 새로 가는건가요?', '또 수리비는 얼마 나오나요?']","['키보드 키캡을 끼울 수 없다면 키보드는 전체 교체 수리로 진행됩니다.', '문의하신 수리비는 모델에 따른 부품 수리 범위 수리 난이도 등 종합적인 요소를 고려하여 책정되는 부분으로 제품 상태를 확인 후 안내 가능한 점 양해 부탁드립니다.', '정확한 사항은 엔지니어가 제품 점검 후 안내 가능한 부분으로 서비스 예약 후 방문해 주시면 점검 후 자세한 안내 및 조치 도와드리겠습니다.']"
"['안녕하세요', '에어컨 설치한지 얼마 안되었는데 에어컨 배관 부분에서 나방파리가 매일 수십마리 나와서 에어컨 배관에 독한 살충제를 뿌렸는데요', '살충제 흡입시 인체에 매우 유독하다고 써있었어요.', '근데 배관에 뿌린 후에 에어컨을 작동할 때 에어컨으로 그 물질이 뿜어져 나오지는 않을지 걱정되어서요.', '집에 갓난아기가 있어요.', '배관에 뿌린 살충제 에어컨 틀 때 에어컨 공기와 함께 밖으로 나올 가능성이 조금이라도 있나요???', '참고로 뿌린 살충제는 팍스유제이고 분무한 것이 아니라 물에 섞어서 흘려보냈습니다.']","['어린 아이가 있어 걱정이 크셨으리라 생각됩니다.', '살충제를 뿌린 부분의 위치와 제품 확인이 되지 않습니다만..', '먼저 어떤 부위에 살충제를 뿌렸는지 정확한 확인이 필요합니다.', '드레인 호스는 배수구 측으로 연결되어 있거나 외부로 노출이 되어 있기 때문에 벌레의 유입 가능성이 예상되며드레인 호스에 살충제를 뿌린 경우라면 에어컨 가동시 제품 내부에서 드레인 호스 측으로 양압이 걸리기 때문에 제품 내부로 살충제 성분이 나오지는 않습니다.', '다만 에어컨을 가동하지 않는 상태에서는 살충제 성분이 증발하면서 호스를 통해 제품 내부로 들어온 상태일 경우 제품 가동 초반에 제품 내부에 있던 살충제 성분이 토출될 가능성은 있을 것으로 보여집니다.']"
"['멀쩡히 인터넷 사용중이었는데 갑자기 인터넷이 안되네요.', '인터넷에서 해보라는 거 다해봤는데 해결이 안돼요.', '인터넷 랜선말고 와이파이로 사용중이었고 다른기기로는 잘 되는데 노트북만 와이파이 연결이 안됩니다.', '와이파이 탐색하는 게 꺼져있는것 같아요.', '인터넷 연결 어떻게 해야하는지 도와주세요.', '아래 사진 첨부합니다.', '참고로 LG노트북입니다.']","['첨부해 주신 사진 확인 시 무선랜 드라이버가 없는것으로 보입니다.', '드라이버는 자사 홈페이지에서 다운로드 가능합니다.', '다만 해당 노트북이 인터넷이 안되면 인터넷 가능한 PC에서 USB에 다운로드하여 노트북에 설치하시거나해당 노트북에 유선 케이블을 연결이 가능한 경우 드라이버 설치하는 방법입니다.', '아래 내용 참고 부탁드립니다.', '드라이버 설치 방법을 알고 싶어요']"
"['몇 달 전 까지만 해도 그냥 노트북 위에 PRT SC 버튼만 눌러도 보던 화면이 그대로 아무 문제 없이 캡처가 가능했는데요...', '윈도우 업데이트랑 관련이 있는건지..', '갑자기 이 기능이 되지 않습니다', '대충 검색을 해보니...', '화면 캡처를 시작 하려면 PRINT SCREEN 키를 사용합니다.를 들어가서 버튼 활성화를 시키면 된다는데 우선 이건 제가 이전에 사용하던 기능도 아니고..이전에 쓰던 그대로 되돌릴 수는 없을까요']","['아래와 같이 설정하면 노트북 PRTSC 키를 눌러 캡처 사용 가능합니다.', '1. 작업 표시줄 돋보기 아이콘을 눌러 검색으로 진입합니다.', '2. 검색창에 PRT를 입력하여 화면 캡처를 시작하려면 PRINT SCREEN 키를 사용합니다.', '또는 화면 캡처 시스템 설정으로 진입합니다.', '3. PRINT SCREEN 바로 가기에서 PRTSC 단추를 사용하여 화면 캡처 열기를 켬으로 활성화합니다.', '이후 PRTSC 키를 눌러 화면 캡처가 정상으로 되는지 확인해 보시기 바랍니다.', '참고로 화면 캡처 단축키는 SHIFT 윈도우 S 키를 동시에 눌러주시면 됩니다.']"
"['현재 비세라 클린업 마인크래프트 스타듀 밸리 정도 사서 플레이 중인데 이 세 개들은 다 문제 없이 잘 돌아갑니다', '그러면 오버쿡드2 도 잘 돌아갈까요?', '괜히 돈낭비하기 싫어서...', '그리고 제가 알기로는 LG그램16으로 옵치도 돌아가는 걸로 알고 있어요']","['그램 노트북은 그래픽 사양 INTEL으로 게임 진행이 원활하지 않을 수 있습니다.', '게임을 하기 위해 요구하는 최소 사양과 권장 사양이 있기에해당 게임사로 시스템 요구사항을 확인해 보시기 바랍니다.']"
"['백화점에서 구입한지 일주일 입니다.', '어떤날은 이런 소리가 나고 어떤날은 안날때도 있습니다.', '혹시 이 티비 쓰시는 분도 켤때 이런소리가 날까요??']","['해당 증상의 경우 제품 및 사용환경 점검이 필요한 것으로 보입니다.', '제품의 정확한 진단 및 조치는 제품 점검 후엔지니어를 통해 안내 가능한 부분으로 서비스를 신청하시어점검과 상세 안내를 받아 주시기 바랍니다.']"
['초기화 하고 난 뒤에 드라이버 설치해야 한다고 해서 설치했는데 계속 화면과 같은 상태인데 어떻게 해야하나요?'],"['첨부해 주신 사진처럼 윈도우 준비 중이면 어댑터를 연결한 상태에서 완료될 때까지 기다려 주시기 바랍니다.', '어댑터 분리 후 전원 버튼을 10초 이상 눌러 강제 종료를 해볼 수 있지만 완료되지 않았다면 재부팅을 하면 동일한 화면이 표시됩니다.', '참고로 강제 종료 시 저장되지 않은 데이터가 손실되거나저장 장치가 손상되거나 시스템에 문제가 발생할 수 있기에 주의하시기 바랍니다.']"
"['엘지씨네빔 구입하였고기존 USB에 담긴 영상들핸드폰으로 촬영한 영상들을 USB에 담아놨었습니다.을 틀어보니 잘 재생이 되어 안심하고 있었는데블로영상편집어플로 만든 영상을 USB에 담아 재생하려고 하니 파일인식이 안되네요...', 'USB를 다른걸로 바꿔도 재생이 안됩니다.......', '파일은 둘다 똑같이 MP4형식인데 왜 안되는걸까요...', '해결 방법 꼭 좀 부탁드립니다...', '참고로 영상은 20분짜리 3기가가 넘으며 블로에서 출력할때 해상도는 QLED 프레임레이트는 60FPS 비디오코덱은 H.264 입니다.']",['출력 해상도가 QHD 영상이라면QHD 해상도의 동영상은 지원을 하지 않으며FHD19201080 해상도에 동영상으로 지원하므로블로 어플에서 영상 추출시 해상도를 FHD 변경하여 확인해 주시기 바랍니다.']
"['LG울트라와이드 게이밍 모니터 34UC79G 를 3년정도 사용하였습니다.', '그런데 최근들어서 모니터 꺼짐현상이 발생합니다.', '평소에 고장없이 잘쓰고 있었는데 화면이 순간꺼졌다가 다시 들어오는 등의 현상이 발생합니다.', '사용환경이 바뀐것은 중형 냉장고를 같은 콘센트에 꼽아 사용했다는것인데 소모 전력양이 많아져순간적으로 전력이 부족한가 싶어서 다른장소의 콘센트로 전원을 연결해도 마찬가지로 순간적으로 꺼졌다 켜집니다.', '뭐가 문제일까요?']","['전원 코드가 모니터 뒷면과 콘센트에 잘 연결되어 있다면 해당 증상은 모니터 사용 환경 점검이 필요', '해 보입니다.', '원인 및 조치 방법은 제품 점검 후 안내 가능하여가까운 서비스센터로 예약 후 방문해 주시거나출장 서비스 예약해 주시면 엔지니어가 점검 후 자세한 안내 및 조치 도와드리겠습니다.']"
"['65UF8570 이라는 UHD처음 나올때 샀습니다.', '유튜브4K영상을 보면 최대가 720P HD가 최대이던데 예전 TV라서 소프트웨어가 지원 안되는건가요??..']",['해당 모델의 경우 유튜브 컨텐츠 중에 720P 해상도까지는 30FPS이고 1080P 해상도 이상은 60FPS로 구성된 컨텐츠의 경우 최대 해상도가 720P까지만 선택할 수 있으며 소프트웨어 업데이트 통해 지원하지 않는 것으로 확인됩니다.']
"['안녕하세요', 'LG노트북 쓰고있는 학생인데요..', '게임을 할때마다 화면이 멈추는 거에요', '마우스는 움직여지고 한 5초정도 멈췄다가 다시 돌아오고 또 5초 멈췄다가 돌아오고 계속 반복이되요..', '유튜브온라인 수업 할때도 끊기는데 해결 방법이 없나요??']","['게임이 아닌 다른 프로그램 사용 시에도 깜박인다면그래픽 드라이버 업데이트 진행해 보시기 바랍니다.', '1. 시작 버튼에서 마우스 우 클릭장치 관리자 클릭디스플레이 어댑터 더블 클릭 INTEL 항목 마우스 우 클릭하여 디바이스 제거 팝업창에서 이 장치의 소프트웨어를 삭제합니다', '체크 박스란이 있다면 체크하고 제거입니다.', '2. 재부팅하여 처음 구매할 당시 WINDOWS가 포함된 제품은 LG UPDATE CENTER를 WINDOWS가 포함되지 않은 제품은 LG DNA CENTER PLUS 프로그램을 실행하여 삭제된 그래픽 드라이버를 설치한 후 확인해 주세요.', '다만 노트북에 따라 인텔 그래픽 사용 모델이면 게임 진행이 원활하지 않을 수 있습니다.', '게임이 요구하는 최소 사양과 권장 사양이 있기에먼저 해당 게임사로 시스템 요구사항을 확인해 보시기 바랍니다.', '위와 같이 조치한 후에도 모든 프로그램 사용 시 동일하다면 제품 확인 후 조치가 필요한 부분으로서비스 예약 후 방문해 주시면 엔지니어가 점검 후 자세한 안내 및 조치 도와드리겠습니다.']"
"['티비 하나를 얻어왔는데 연결하면 노이즈가 끼고 채널표시도 안됩니다.', '전에 쓰던 티비로 연결하면 잘만 되는데 얻어온 티비는 아예 먹통이네요..', '연결을 잘못한거같지 않는데 이유를 알수 있을까요?']","['첨부해주신 사진과 같이 연결 후 TV 리모컨으로 외부 입력 버튼을 눌러 컴포넌트를 선택해 주세요.', '추가로 메뉴 채널 자동채널을 선택하여채널 검색이 완료 될 때 까지 기다려 주세요.', '자동 채널을 실행해도 채널이 수신되지 않는 경우에는연결 상태 및 신호가 정상적으로 들어오는지 확인이 필요합니다.']"
"['언젠가부터 노트북으로 통화화상회의녹음을 할때 제 목소리가 안들려서 검색해보니까 제어판을 설정하라고하더군요', '그 이전 단계 설정에서 뭐 하는건 이미 다 했어요', '제어판에서 하라는대로 하니까 노트북이 마치 노래방에 온 것 처럼 일반 웹서핑 한글 PPT제작 등 제 목소리가 굳이 들어가지 않아도 되는때에도 마이크가 제 목소리를 인식해서 스피커로 송출하더라고요', '마치 노래방처럼요.', '그래서 우선 음량 100 확장0으로 해서 일상생활에 지장없게는 해두었어요.', '그런데 원래 이전에는 통화나 화상회의 할 때만 마이크가 켜졌는데 지금은 노트북을 사용하는 내내 켜져있어요.', '이거 문제있는거 아닌가요?', '어떻게 해야하나요']","['아래대로 진행해 주시기 바랍니다.', '제어판 오른쪽 위 보기 기준을 작은 아이콘으로 선택 소리 녹음 마이크 우 클릭 속성 이 장치로 듣기를 체크 해제해 주시기 바랍니다.']"
"['엘지 정수기 렌탈을 해서 쓰고 있는데 의무 기간이 3년 이고5년 지나면 자기소유가 되는데 4년이 지난 시점에서 해지 하려고 하니의무기간이 끝났으므로 위약금은 없는데 철거비용과 가져가서 폐기를 한다고 68900원을 내라는데 다들 이렇게 하나요?', '왜 철거비용과 폐기비용을 고객이 내야 하는지 모르겠네요', '물어 보니까 계약서상에 그렇게 명시가 되어 있다고만 합니다.', '렌털료29900원도 타사 정수기보다 가장 비싼데 말입니다.']","['해당 비용은 출장 비용과 철거 폐기비용 입니다.', '출장비의 경우 엔지니어가 고객님 댁을 방문하기 위해 이동 과정에서 발생하는 최소 비용과철거 폐기의 경우 전문 엔지니어가 방문하여 누수 되지 않게 꼼꼼한 마무리 작업까지 조치 드리는 작업 등기준에 따라 비용이 책정되어 발생되는 점 양해 부탁드립니다.', '말씀주신 내용은 건의사항으로 담당부서에 잘 전달하겠습니다.']"
"['냉장고를 잠깐동안만 끌려고 했는데 깜빡하고 23시간 정도 지나게 했어요', '상한건 아니겠죠..?']","['문을 열어둔 경우가 아니라면 23시간 정도는 식품 보관에는 영향이 없습니다.', '다만 냉장고 내부의 냉기가 많이 손실되면 정상적인 온도를 유지하기 위해 모터가 일정시간 계속 가동될 수 있으니 참고해 주세요.']"
"['미니 냉장고 엘지를 1등급이라고 샀는데 똑같은 물건인데 5등급으로 바뀌었다고 하시네요', '그게 무슨 말인 지']",['에너지 관리공단의 소비전력 측정 기준과 에너지소비효율 등급 판정 기준의 변경관련법 개정으로 소비 전력량이 변경 되었습니다.']
"['LG 그램을 사용하고 있는데요', '전부터 종종 네트워크 연결이 안 된다고 뜨길래 그때마다 문제 해결사를 사용해서 혼자 해결했었거든요', '근데 오늘은 갑자기 그게 안 되는데 이거 어떡하죠?']","['아래와 같이 진행해 주시기 바랍니다.', '무선 연결1. 키보드 FNF6을 눌러 비행기 모드 끄기를 해주세요.', '2. 작업 표시줄 시작 버튼을 마우스 오른쪽 버튼을 클릭 후 장치 관리자를 선택해 주세요.', '3. 장치 관리자네트워크 어댑터 더블 클릭INTEL 또는 QUALCOMM 무선랜 장치를 선택 후 마우스 오른쪽 버튼을 클릭하여디바이', '스 제거 항목을 클릭해주세요.', '무선랜 장치 이름은 모델에 따라 다르게 보일 수 있으며 WIRELESS나 WIFI으로 구분하시면 됩니다.', '디바이스 제거 시 이 장치의 드라이버 소프트웨어를 삭제합니다 항목에서 체크를 해제해 주시고 제거 버튼을 클릭해 주세요.', '4. 바탕화면 좌측 하단 시작전원다시 시작으로 재부팅 한 후 무선 인터넷이 잘 되는지 확인해 주세요.', '유선 연결1. 작업 표시줄 시작 버튼을 마우스 오른쪽 버튼을 클릭 후 장치 관리자를 선택해 주세요.', '2. 네트워크 어댑터 더블클릭 REALTEK PCIE 항목이나 ETHERNET 항목 또는 USB GBE 항목 우 클릭디바이스 제거 디바이스 제거 시 이 장치의 드라이버 소프트웨어를 삭제합니다', '항목에서 체크를 해제해 주시고 제거 버튼을 클릭해 주세요.', '3. 바탕화면 좌측 하단 시작전원다시 시작으로 재부팅 한 후 유선 인터넷이 잘 되는지 확인해 주세요.']"
"['이번에 이사를 하면서 LG 16키로 건조기를 구입했는데요', '듀얼 인버터 히트펌프라고 하는데요', '어제 한번 사용해보니 기본 1시간 반이나 걸리네요', '하루한번 16키를 돌리면 한달 전기료는 얼마나 나올까요?', '어제 15키로 돌려보니 3시간 반이나 걸리네요', '내공은 50드립니다']",['모델에 따른 소비전력 및 사용 패턴주로 건조하는 빨래감의 종류 및 양 등과 댁내 기본 전력 소비량에 따라 전기 요금은 변동될 수 있기에 정확한 안내를 드리기 어려운 점 양해 부탁드립니다.']
"['잘 사용하고 있었는데 어느 순간부터 이런게 뜨네요', '해결 방법좀 알려주세요', '최대한 빠른 답변 부탁드립니다']",[]
"['건조기 표준코스가 송풍으로 설정되어 있습니다.', '다른 코스로 바꿔봐도 송풍입니다.', '사용중 착오로 변경된것 같은데 재설정 방법 알려주세요.', '기본값이 송풍으로 셋팅된줄 모르고 2시간을 넘게 표준코스 탓만하며 돌렸네요']","['첨부해 주신 사진 확인 시 송풍이 아닌 표준으로 설정된 상태입니다.', '건조 후 옷감의 온도를 낮춰주기 위하여 모든 코스에서 송풍 동작을 하기에 상단 송풍 아이콘 LED가 켜진 것으로 송풍 시간은 선택된 건조 코스 및 세탁물에 양에 따라 약 25분 정도로 차이가 발생할 수 있습니다.', '만일 표준 코스에서 건조시간이 늘어나면 건조가 약하다면 아래 LG전자 제품문제해결에 안내된 내용을 참고하여 사용해 보시기 바랍니다.', '건조시간이 늘어나요']"
"['제가 이틀전에 윈도우 11로 업데이트를 했는데 노트북 저장공간이 8기가빼고 싹다 채워지더라고요.....', '그래서 뭔일인지 싶어서 윈도우 10으로 복구를 했더니 저장공간이 여전히 부족합니다....', '어떡해야할까요', '노트북은 LG그램 쓰고있습니다', '내공 600이요...']","['업그레이드 파일이 아닌 다른 파일이 생성되었는지 등 확인을 위해전문 엔지니어가 전반적인 제품 상태 점검이 필요해 보입니다.', '정확한 사항은 점검 후 안내 가능한 점 양해 부탁드리며서비스 예약 후 방문해 주시면 엔지니어가 점검 후 자세한 안내 및 조치 도와드리겠습니다.']"
